tenantId,nameEn,validFrom,iso2,isActive,publicId,iso3,validTo,id,created_date,updated_date,created_by_id,created_by,is_sample
"default-tenant","Benin","","BJ","true","9caf5a3b-9ad2-4e9f-9822-2ae4c5e0c54e","BEN","","697b72ebc910a0874ace5eb0","2026-01-29T14:47:07.922000","2026-01-29T14:47:07.922000","697b18d70b1739675ee7f599","veselin@tidisolutions.rs","false"
"global","Bulgaria","","BG","true","3fb35cfa-1ebd-49ba-b85e-3ede4a7aee89","BGR","","697b72ebc910a0874ace5eb1","2026-01-29T14:47:07.922000","2026-01-29T14:47:07.922000","697b18d70b1739675ee7f599","veselin@tidisolutions.rs","false"
"global","Andorra","","AD","true","2819c82e-accb-4279-9d13-69babe451aa8","AND","","697b72ebc910a0874ace5eb2","2026-01-29T14:47:07.922000","2026-01-29T14:47:07.922000","697b18d70b1739675ee7f599","veselin@tidisolutions.rs","false"
"global","Anguilla","","AI","true","2a75af94-0304-437d-b1be-a96483b31737","AIA","","697b72ebc910a0874ace5eb3","2026-01-29T14:47:07.922000","2026-01-29T14:47:07.922000","697b18d70b1739675ee7f599","veselin@tidisolutions.rs","false"
"global","Bonaire, Sint Eustatius and Saba","","BQ","true","bec67c16-9db6-4943-abc5-8ccd8bc5dc8f","BES","","697b72ebc910a0874ace5eb4","2026-01-29T14:47:07.922000","2026-01-29T14:47:07.922000","697b18d70b1739675ee7f599","veselin@tidisolutions.rs","false"
"global","American Samoa","","AS","true","269dd1df-f31a-4790-82db-7c7b0dbac4f7","ASM","","697b72ebc910a0874ace5eb5","2026-01-29T14:47:07.922000","2026-01-29T14:47:07.922000","697b18d70b1739675ee7f599","veselin@tidisolutions.rs","false"
"global","Australia","","AU","true","83d3c6df-a16e-4777-b4e9-e7717cda6ee3","AUS","","697b72ebc910a0874ace5eb6","2026-01-29T14:47:07.922000","2026-01-29T14:47:07.922000","697b18d70b1739675ee7f599","veselin@tidisolutions.rs","false"
"global","Angola","","AO","true","c6445704-f9e8-4945-90d1-aad97db5ddf7","AGO","","697b72ebc910a0874ace5eb7","2026-01-29T14:47:07.922000","2026-01-29T14:47:07.922000","697b18d70b1739675ee7f599","veselin@tidisolutions.rs","false"
"default-tenant","Antigua and Barbuda","","AG","true","d1b7f4dd-d88d-41f9-8008-95be31e62e6b","ATG","","697b72ebc910a0874ace5eb8","2026-01-29T14:47:07.922000","2026-01-29T14:47:07.922000","697b18d70b1739675ee7f599","veselin@tidisolutions.rs","false"
"global","Armenia","","AM","true","537eca99-b334-4e5f-8e3b-0c5245d3adc1","ARM","","697b72ebc910a0874ace5eb9","2026-01-29T14:47:07.922000","2026-01-29T14:47:07.922000","697b18d70b1739675ee7f599","veselin@tidisolutions.rs","false"
"default-tenant","Bangladesh","","BD","true","4e6a03e0-215d-450a-857a-593219b382d8","BGD","","697b72ebc910a0874ace5eba","2026-01-29T14:47:07.922000","2026-01-29T14:47:07.922000","697b18d70b1739675ee7f599","veselin@tidisolutions.rs","false"
"default-tenant","Bahrain","","BH","true","0f34d20f-2ec2-4605-80ce-99135b593571","BHR","","697b72ebc910a0874ace5ebb","2026-01-29T14:47:07.922000","2026-01-29T14:47:07.922000","697b18d70b1739675ee7f599","veselin@tidisolutions.rs","false"
"global","Burundi","","BI","true","f8feafff-1209-498c-9231-916b9d727114","BDI","","697b72ebc910a0874ace5ebc","2026-01-29T14:47:07.922000","2026-01-29T14:47:07.922000","697b18d70b1739675ee7f599","veselin@tidisolutions.rs","false"
"default-tenant","Aland Islands","","AX","true","c75a5630-d495-4617-9ab5-8fc887fe169b","ALA","","697b72ebc910a0874ace5ebd","2026-01-29T14:47:07.922000","2026-01-29T14:47:07.922000","697b18d70b1739675ee7f599","veselin@tidisolutions.rs","false"
"global","Saint Barthélemy","","BL","true","9c35aab6-7f12-4868-917c-ef69ff81d1b9","BLM","","697b72ebc910a0874ace5ebe","2026-01-29T14:47:07.922000","2026-01-29T14:47:07.922000","697b18d70b1739675ee7f599","veselin@tidisolutions.rs","false"
"global","French Southern Territories","","TF","true","7ef06d5d-9639-44d6-82db-0d6f47e39158","ATF","","697b72ebc910a0874ace5ebf","2026-01-29T14:47:07.922000","2026-01-29T14:47:07.922000","697b18d70b1739675ee7f599","veselin@tidisolutions.rs","false"
"default-tenant","Azerbaijan","","AZ","true","4ae66d9d-828f-4ea9-9620-ac4d077c839c","AZE","","697b72ebc910a0874ace5ec0","2026-01-29T14:47:07.922000","2026-01-29T14:47:07.922000","697b18d70b1739675ee7f599","veselin@tidisolutions.rs","false"
"default-tenant","Bosnia and Herzegovina","","BA","true","cdffc498-b97c-4ff3-9780-2ac6f5fd10e8","BIH","","697b72ebc910a0874ace5ec1","2026-01-29T14:47:07.922000","2026-01-29T14:47:07.922000","697b18d70b1739675ee7f599","veselin@tidisolutions.rs","false"
"default-tenant","Burkina Faso","","BF","true","406630be-cb43-4771-9181-24186435d83a","BFA","","697b72ebc910a0874ace5ec2","2026-01-29T14:47:07.922000","2026-01-29T14:47:07.922000","697b18d70b1739675ee7f599","veselin@tidisolutions.rs","false"
"global","Belgium","","BE","true","90ce74d1-5429-4fb3-8a9f-2165b3782bdb","BEL","","697b72ebc910a0874ace5ec3","2026-01-29T14:47:07.922000","2026-01-29T14:47:07.922000","697b18d70b1739675ee7f599","veselin@tidisolutions.rs","false"
"default-tenant","Antarctica","","AQ","true","af3d8c9e-75c4-4615-a9e2-2222c1b30075","ATA","","697b72ebc910a0874ace5ec4","2026-01-29T14:47:07.922000","2026-01-29T14:47:07.922000","697b18d70b1739675ee7f599","veselin@tidisolutions.rs","false"
"default-tenant","Bahamas","","BS","true","249fb2e2-0f18-441d-b927-e5e692f2d676","BHS","","697b72ebc910a0874ace5ec5","2026-01-29T14:47:07.922000","2026-01-29T14:47:07.922000","697b18d70b1739675ee7f599","veselin@tidisolutions.rs","false"
"global","Albania","","AL","true","a55b5a12-1ee6-4131-bf74-9a1988bcd204","ALB","","697b72ebc910a0874ace5ec6","2026-01-29T14:47:07.922000","2026-01-29T14:47:07.922000","697b18d70b1739675ee7f599","veselin@tidisolutions.rs","false"
"global","Singapore","","SG","true","550e8400-e29b-41d4-a716-446655440005","SGP","","697b72ebc910a0874ace5ec7","2026-01-29T14:47:07.922000","2026-01-29T14:47:07.922000","697b18d70b1739675ee7f599","veselin@tidisolutions.rs","false"
"default-tenant","Netherlands","","NL","true","550e8400-e29b-41d4-a716-446655440004","NLD","","697b72ebc910a0874ace5ec8","2026-01-29T14:47:07.922000","2026-01-29T14:47:07.922000","697b18d70b1739675ee7f599","veselin@tidisolutions.rs","false"
"default-tenant","United Arab Emirates","","AE","true","550e8400-e29b-41d4-a716-446655440001","ARE","","697b72ebc910a0874ace5ec9","2026-01-29T14:47:07.922000","2026-01-29T14:47:07.922000","697b18d70b1739675ee7f599","veselin@tidisolutions.rs","false"
"default-tenant","United States","","US","true","550e8400-e29b-41d4-a716-446655440002","USA","","697b72ebc910a0874ace5eca","2026-01-29T14:47:07.922000","2026-01-29T14:47:07.922000","697b18d70b1739675ee7f599","veselin@tidisolutions.rs","false"
"default-tenant","United Kingdom","","GB","true","550e8400-e29b-41d4-a716-446655440003","GBR","","697b72ebc910a0874ace5ecb","2026-01-29T14:47:07.922000","2026-01-29T14:47:07.922000","697b18d70b1739675ee7f599","veselin@tidisolutions.rs","false"
"default-tenant","Norway","","NO","true","550e8400-e29b-41d4-a716-446655440006","NOR","","697b72ebc910a0874ace5ecc","2026-01-29T14:47:07.922000","2026-01-29T14:47:07.922000","697b18d70b1739675ee7f599","veselin@tidisolutions.rs","false"
"global","Poland","","PL","true","2e8d4609-fd52-437c-85c0-c0eb00e6fc34","POL","","697b72ebc910a0874ace5e44","2026-01-29T14:47:07.921000","2026-01-29T14:47:07.921000","697b18d70b1739675ee7f599","veselin@tidisolutions.rs","false"
"default-tenant","Luxembourg","","LU","true","7704afe1-50f3-4195-8777-d7538ce7e4a7","LUX","","697b72ebc910a0874ace5e45","2026-01-29T14:47:07.921000","2026-01-29T14:47:07.921000","697b18d70b1739675ee7f599","veselin@tidisolutions.rs","false"
"global","Eswatini","","SZ","true","d9209b6a-0465-4dfe-a501-c3da9e82e3f9","SWZ","","697b72ebc910a0874ace5e46","2026-01-29T14:47:07.921000","2026-01-29T14:47:07.921000","697b18d70b1739675ee7f599","veselin@tidisolutions.rs","false"
"global","Togo","","TG","true","673d6e0b-a8f8-46a8-b332-e9e8249bade4","TGO","","697b72ebc910a0874ace5e47","2026-01-29T14:47:07.921000","2026-01-29T14:47:07.921000","697b18d70b1739675ee7f599","veselin@tidisolutions.rs","false"
"default-tenant","Monaco","","MC","true","4ab65291-13f4-4320-bcad-4010e87eb6d9","MCO","","697b72ebc910a0874ace5e48","2026-01-29T14:47:07.921000","2026-01-29T14:47:07.921000","697b18d70b1739675ee7f599","veselin@tidisolutions.rs","false"
"default-tenant","Moldova, Republic of","","MD","true","d471636a-cb63-4e9f-a792-33c232ee1163","MDA","","697b72ebc910a0874ace5e49","2026-01-29T14:47:07.921000","2026-01-29T14:47:07.921000","697b18d70b1739675ee7f599","veselin@tidisolutions.rs","false"
"default-tenant","South Sudan","","SS","true","2e6e07cc-0775-4da1-bdfa-c968e644e5b1","SSD","","697b72ebc910a0874ace5e4a","2026-01-29T14:47:07.921000","2026-01-29T14:47:07.921000","697b18d70b1739675ee7f599","veselin@tidisolutions.rs","false"
"default-tenant","Rwanda","","RW","true","c0553f3e-2654-47c2-8517-9ea758162d0a","RWA","","697b72ebc910a0874ace5e4b","2026-01-29T14:47:07.921000","2026-01-29T14:47:07.921000","697b18d70b1739675ee7f599","veselin@tidisolutions.rs","false"
"global","Martinique","","MQ","true","859fed3d-7070-4bb1-bce3-21c590b1cffe","MTQ","","697b72ebc910a0874ace5e4c","2026-01-29T14:47:07.921000","2026-01-29T14:47:07.921000","697b18d70b1739675ee7f599","veselin@tidisolutions.rs","false"
"default-tenant","Korea, Republic of","","KR","true","4e54e20b-db92-4bd3-8b8e-5a2ba4084d7d","KOR","","697b72ebc910a0874ace5e4d","2026-01-29T14:47:07.921000","2026-01-29T14:47:07.921000","697b18d70b1739675ee7f599","veselin@tidisolutions.rs","false"
"default-tenant","Senegal","","SN","true","408c87fb-8b68-4b1e-bd20-d181f41eb7dd","SEN","","697b72ebc910a0874ace5e4e","2026-01-29T14:47:07.921000","2026-01-29T14:47:07.921000","697b18d70b1739675ee7f599","veselin@tidisolutions.rs","false"
"default-tenant","North Macedonia","","MK","true","3bbf9d22-5a2d-4241-a74c-40434e6ea136","MKD","","697b72ebc910a0874ace5e4f","2026-01-29T14:47:07.921000","2026-01-29T14:47:07.921000","697b18d70b1739675ee7f599","veselin@tidisolutions.rs","false"
"global","Chile","","CL","true","f526ff77-96ed-4718-bdd1-58dea31691f0","CHL","","697b72ebc910a0874ace5e50","2026-01-29T14:47:07.921000","2026-01-29T14:47:07.921000","697b18d70b1739675ee7f599","veselin@tidisolutions.rs","false"
"default-tenant","Guinea-Bissau","","GW","true","73bbdcba-4641-407e-8aef-b7ef2f1d68ef","GNB","","697b72ebc910a0874ace5e51","2026-01-29T14:47:07.921000","2026-01-29T14:47:07.921000","697b18d70b1739675ee7f599","veselin@tidisolutions.rs","false"
"default-tenant","Dominica","","DM","true","820178c3-083e-4cd3-bdae-7833a1e95ea3","DMA","","697b72ebc910a0874ace5e52","2026-01-29T14:47:07.921000","2026-01-29T14:47:07.921000","697b18d70b1739675ee7f599","veselin@tidisolutions.rs","false"
"global","Cyprus","","CY","true","28cafce4-34ce-4715-9f0d-7e422ff3ea0d","CYP","","697b72ebc910a0874ace5e53","2026-01-29T14:47:07.921000","2026-01-29T14:47:07.921000","697b18d70b1739675ee7f599","veselin@tidisolutions.rs","false"
"default-tenant","Egypt","","EG","true","57f96ab8-8771-4ad3-b4cc-b1ffd20a4903","EGY","","697b72ebc910a0874ace5e54","2026-01-29T14:47:07.921000","2026-01-29T14:47:07.921000","697b18d70b1739675ee7f599","veselin@tidisolutions.rs","false"
"default-tenant","Israel","","IL","true","87090008-395e-4566-a83e-6d0cf5f8f1d1","ISR","","697b72ebc910a0874ace5e55","2026-01-29T14:47:07.921000","2026-01-29T14:47:07.921000","697b18d70b1739675ee7f599","veselin@tidisolutions.rs","false"
"global","Djibouti","","DJ","true","d6d3d981-9d78-426e-ae32-ef8f21fa55af","DJI","","697b72ebc910a0874ace5e56","2026-01-29T14:47:07.921000","2026-01-29T14:47:07.921000","697b18d70b1739675ee7f599","veselin@tidisolutions.rs","false"
"global","Cocos (Keeling) Islands","","CC","true","fac032ce-1435-4b25-9898-0e56f7832c29","CCK","","697b72ebc910a0874ace5e57","2026-01-29T14:47:07.921000","2026-01-29T14:47:07.921000","697b18d70b1739675ee7f599","veselin@tidisolutions.rs","false"
"global","Belize","","BZ","true","4c5c20db-6784-425e-a6d3-454074606129","BLZ","","697b72ebc910a0874ace5e58","2026-01-29T14:47:07.921000","2026-01-29T14:47:07.921000","697b18d70b1739675ee7f599","veselin@tidisolutions.rs","false"
"global","Costa Rica","","CR","true","60381cd3-b370-4349-9ded-ce2913527295","CRI","","697b72ebc910a0874ace5e59","2026-01-29T14:47:07.921000","2026-01-29T14:47:07.921000","697b18d70b1739675ee7f599","veselin@tidisolutions.rs","false"
"default-tenant","Georgia","","GE","true","3421a7d8-228d-466b-a7b9-c41fc33cba5b","GEO","","697b72ebc910a0874ace5e5a","2026-01-29T14:47:07.921000","2026-01-29T14:47:07.921000","697b18d70b1739675ee7f599","veselin@tidisolutions.rs","false"
"global","Grenada","","GD","true","386f166c-5828-430a-a118-681b230e4055","GRD","","697b72ebc910a0874ace5e5b","2026-01-29T14:47:07.921000","2026-01-29T14:47:07.921000","697b18d70b1739675ee7f599","veselin@tidisolutions.rs","false"
"default-tenant","Kenya","","KE","true","cdfc5a65-7b72-40d5-90b9-5d1cf8b72834","KEN","","697b72ebc910a0874ace5e5c","2026-01-29T14:47:07.921000","2026-01-29T14:47:07.921000","697b18d70b1739675ee7f599","veselin@tidisolutions.rs","false"
"global","Barbados","","BB","true","dfbe3d05-5acb-4db4-bb38-0dc98402c67e","BRB","","697b72ebc910a0874ace5e5d","2026-01-29T14:47:07.921000","2026-01-29T14:47:07.921000","697b18d70b1739675ee7f599","veselin@tidisolutions.rs","false"
"default-tenant","Greece","","GR","true","8ab3adc4-468d-4149-9600-8bb530e22796","GRC","","697b72ebc910a0874ace5e5e","2026-01-29T14:47:07.921000","2026-01-29T14:47:07.921000","697b18d70b1739675ee7f599","veselin@tidisolutions.rs","false"
"default-tenant","Japan","","JP","true","4c3fea2c-609e-4cda-b778-f64db14a34e3","JPN","","697b72ebc910a0874ace5e5f","2026-01-29T14:47:07.921000","2026-01-29T14:47:07.921000","697b18d70b1739675ee7f599","veselin@tidisolutions.rs","false"
"global","China","","CN","true","f17b3cff-4d1c-4f12-b71f-e592a25533ea","CHN","","697b72ebc910a0874ace5e60","2026-01-29T14:47:07.921000","2026-01-29T14:47:07.921000","697b18d70b1739675ee7f599","veselin@tidisolutions.rs","false"
"default-tenant","Indonesia","","ID","true","b9b4e1da-ba8f-467b-bdb9-77a2fc0a1869","IDN","","697b72ebc910a0874ace5e61","2026-01-29T14:47:07.921000","2026-01-29T14:47:07.921000","697b18d70b1739675ee7f599","veselin@tidisolutions.rs","false"
"default-tenant","Micronesia, Federated States of","","FM","true","bbda3c18-9c53-4be3-adac-3cb9c849a086","FSM","","697b72ebc910a0874ace5e62","2026-01-29T14:47:07.921000","2026-01-29T14:47:07.921000","697b18d70b1739675ee7f599","veselin@tidisolutions.rs","false"
"global","Canada","","CA","true","8a593d99-c9ae-4cfa-9a14-e190601e8fe3","CAN","","697b72ebc910a0874ace5e63","2026-01-29T14:47:07.921000","2026-01-29T14:47:07.921000","697b18d70b1739675ee7f599","veselin@tidisolutions.rs","false"
"default-tenant","Eritrea","","ER","true","59c6d58a-6882-4456-9924-33b5917ea3d8","ERI","","697b72ebc910a0874ace5e64","2026-01-29T14:47:07.921000","2026-01-29T14:47:07.921000","697b18d70b1739675ee7f599","veselin@tidisolutions.rs","false"
"default-tenant","Estonia","","EE","true","64510315-88fe-4c0f-bf97-a858e8a5cae1","EST","","697b72ebc910a0874ace5e65","2026-01-29T14:47:07.921000","2026-01-29T14:47:07.921000","697b18d70b1739675ee7f599","veselin@tidisolutions.rs","false"
"default-tenant","Isle of Man","","IM","true","dd31c02c-5b53-4ce0-88d2-e6c91699852d","IMN","","697b72ebc910a0874ace5e66","2026-01-29T14:47:07.921000","2026-01-29T14:47:07.921000","697b18d70b1739675ee7f599","veselin@tidisolutions.rs","false"
"default-tenant","Haiti","","HT","true","87425db0-48af-492b-8a02-79c248a10f11","HTI","","697b72ebc910a0874ace5e67","2026-01-29T14:47:07.921000","2026-01-29T14:47:07.921000","697b18d70b1739675ee7f599","veselin@tidisolutions.rs","false"
"default-tenant","Algeria","","DZ","true","8af17567-8c26-404e-b37a-b7aeb82b93e0","DZA","","697b72ebc910a0874ace5e68","2026-01-29T14:47:07.921000","2026-01-29T14:47:07.921000","697b18d70b1739675ee7f599","veselin@tidisolutions.rs","false"
"default-tenant","Honduras","","HN","true","14faebc0-40ef-4283-a25f-dd8d25cff925","HND","","697b72ebc910a0874ace5e69","2026-01-29T14:47:07.921000","2026-01-29T14:47:07.921000","697b18d70b1739675ee7f599","veselin@tidisolutions.rs","false"
"default-tenant","Iran, Islamic Republic of","","IR","true","886b4d1a-aea9-46ba-ab8f-1bc32ff8f934","IRN","","697b72ebc910a0874ace5e6a","2026-01-29T14:47:07.921000","2026-01-29T14:47:07.921000","697b18d70b1739675ee7f599","veselin@tidisolutions.rs","false"
"default-tenant","Faroe Islands","","FO","true","1a4b3318-7a3d-47ea-8a69-6670688ec3fa","FRO","","697b72ebc910a0874ace5e6b","2026-01-29T14:47:07.921000","2026-01-29T14:47:07.921000","697b18d70b1739675ee7f599","veselin@tidisolutions.rs","false"
"global","Colombia","","CO","true","8b7008cb-060f-46d3-b903-7a8bb397e369","COL","","697b72ebc910a0874ace5e6c","2026-01-29T14:47:07.921000","2026-01-29T14:47:07.921000","697b18d70b1739675ee7f599","veselin@tidisolutions.rs","false"
"default-tenant","France","","FR","true","0beb2573-01b7-4cc4-9421-12d57b716321","FRA","","697b72ebc910a0874ace5e6d","2026-01-29T14:47:07.921000","2026-01-29T14:47:07.921000","697b18d70b1739675ee7f599","veselin@tidisolutions.rs","false"
"global","Czechia","","CZ","true","a48cf0d7-7c78-40ff-bc95-312dd3396093","CZE","","697b72ebc910a0874ace5e6e","2026-01-29T14:47:07.921000","2026-01-29T14:47:07.921000","697b18d70b1739675ee7f599","veselin@tidisolutions.rs","false"
"default-tenant","Cote d'Ivoire","","CI","true","5edb9ea6-5276-4e20-964d-8a7231966e69","CIV","","697b72ebc910a0874ace5e6f","2026-01-29T14:47:07.921000","2026-01-29T14:47:07.921000","697b18d70b1739675ee7f599","veselin@tidisolutions.rs","false"
"global","Bolivia, Plurinational State of","","BO","true","aac42990-d057-4e48-bccd-893ea6b817fb","BOL","","697b72ebc910a0874ace5e70","2026-01-29T14:47:07.921000","2026-01-29T14:47:07.921000","697b18d70b1739675ee7f599","veselin@tidisolutions.rs","false"
"default-tenant","Kyrgyzstan","","KG","true","5f1253bb-6554-470f-b615-cb6d928dcc47","KGZ","","697b72ebc910a0874ace5e71","2026-01-29T14:47:07.921000","2026-01-29T14:47:07.921000","697b18d70b1739675ee7f599","veselin@tidisolutions.rs","false"
"default-tenant","Gabon","","GA","true","776007e7-1ac9-483e-81ba-67b00e267e62","GAB","","697b72ebc910a0874ace5e72","2026-01-29T14:47:07.921000","2026-01-29T14:47:07.921000","697b18d70b1739675ee7f599","veselin@tidisolutions.rs","false"
"global","Iraq","","IQ","true","b52eecfa-36c5-4ef2-b61d-718c204ec232","IRQ","","697b72ebc910a0874ace5e73","2026-01-29T14:47:07.921000","2026-01-29T14:47:07.921000","697b18d70b1739675ee7f599","veselin@tidisolutions.rs","false"
"default-tenant","Dominican Republic","","DO","true","a6ba7235-8ada-4d2c-9006-aa14356a06d6","DOM","","697b72ebc910a0874ace5e74","2026-01-29T14:47:07.921000","2026-01-29T14:47:07.921000","697b18d70b1739675ee7f599","veselin@tidisolutions.rs","false"
"default-tenant","Western Sahara","","EH","true","98eb8090-7419-4780-9aed-4e1e19ef41aa","ESH","","697b72ebc910a0874ace5e75","2026-01-29T14:47:07.921000","2026-01-29T14:47:07.921000","697b18d70b1739675ee7f599","veselin@tidisolutions.rs","false"
"default-tenant","Guyana","","GY","true","a360b70b-dd71-476d-a94c-c4b04bd55a7e","GUY","","697b72ebc910a0874ace5e76","2026-01-29T14:47:07.921000","2026-01-29T14:47:07.921000","697b18d70b1739675ee7f599","veselin@tidisolutions.rs","false"
"global","Comoros","","KM","true","9cd7b2dc-e97b-41d9-ac2f-1464cffe43fa","COM","","697b72ebc910a0874ace5e77","2026-01-29T14:47:07.921000","2026-01-29T14:47:07.921000","697b18d70b1739675ee7f599","veselin@tidisolutions.rs","false"
"default-tenant","Italy","","IT","true","c86b763b-8893-4b4d-8c24-5444ed9af411","ITA","","697b72ebc910a0874ace5e78","2026-01-29T14:47:07.921000","2026-01-29T14:47:07.921000","697b18d70b1739675ee7f599","veselin@tidisolutions.rs","false"
"default-tenant","Greenland","","GL","true","4f9a8138-ad1c-4a97-8c2c-a3944fbf784b","GRL","","697b72ebc910a0874ace5e79","2026-01-29T14:47:07.921000","2026-01-29T14:47:07.921000","697b18d70b1739675ee7f599","veselin@tidisolutions.rs","false"
"default-tenant","Heard Island and McDonald Islands","","HM","true","d510281a-ef5a-4178-b3fc-ebf31eb59e2d","HMD","","697b72ebc910a0874ace5e7a","2026-01-29T14:47:07.921000","2026-01-29T14:47:07.921000","697b18d70b1739675ee7f599","veselin@tidisolutions.rs","false"
"default-tenant","Gambia","","GM","true","ce7ba8df-2816-4ead-95b5-28608af180fa","GMB","","697b72ebc910a0874ace5e7b","2026-01-29T14:47:07.921000","2026-01-29T14:47:07.921000","697b18d70b1739675ee7f599","veselin@tidisolutions.rs","false"
"global","Congo, The Democratic Republic of the","","CD","true","31cbc3c9-373d-4400-a97e-a4f22ff2ff1e","COD","","697b72ebc910a0874ace5e7c","2026-01-29T14:47:07.921000","2026-01-29T14:47:07.921000","697b18d70b1739675ee7f599","veselin@tidisolutions.rs","false"
"default-tenant","Guam","","GU","true","bcc43c63-d61a-4fd5-a7de-68467848c4d3","GUM","","697b72ebc910a0874ace5e7d","2026-01-29T14:47:07.921000","2026-01-29T14:47:07.921000","697b18d70b1739675ee7f599","veselin@tidisolutions.rs","false"
"global","Germany","","DE","true","88099f8a-47b1-4834-aca7-c056f72f47b5","DEU","","697b72ebc910a0874ace5e7e","2026-01-29T14:47:07.921000","2026-01-29T14:47:07.921000","697b18d70b1739675ee7f599","veselin@tidisolutions.rs","false"
"default-tenant","Ireland","","IE","true","2ebefd8e-0263-43f8-bb8b-7dcf88899bab","IRL","","697b72ebc910a0874ace5e7f","2026-01-29T14:47:07.921000","2026-01-29T14:47:07.921000","697b18d70b1739675ee7f599","veselin@tidisolutions.rs","false"
"default-tenant","French Guiana","","GF","true","5f79227f-4669-4d1c-91ec-08251fb10372","GUF","","697b72ebc910a0874ace5e80","2026-01-29T14:47:07.921000","2026-01-29T14:47:07.921000","697b18d70b1739675ee7f599","veselin@tidisolutions.rs","false"
"global","Central African Republic","","CF","true","03d28d3c-74b9-4d39-ad0e-61980e951461","CAF","","697b72ebc910a0874ace5e81","2026-01-29T14:47:07.921000","2026-01-29T14:47:07.921000","697b18d70b1739675ee7f599","veselin@tidisolutions.rs","false"
"default-tenant","Gibraltar","","GI","true","62eb2b26-0cb7-4ed2-a2b9-495be7a98ac2","GIB","","697b72ebc910a0874ace5e82","2026-01-29T14:47:07.921000","2026-01-29T14:47:07.921000","697b18d70b1739675ee7f599","veselin@tidisolutions.rs","false"
"global","Switzerland","","CH","true","acb01818-ba02-4113-9903-b37462796b8f","CHE","","697b72ebc910a0874ace5e83","2026-01-29T14:47:07.921000","2026-01-29T14:47:07.921000","697b18d70b1739675ee7f599","veselin@tidisolutions.rs","false"
"global","Kiribati","","KI","true","8a4e2a3d-7625-4262-91a3-9e1f70866d61","KIR","","697b72ebc910a0874ace5e84","2026-01-29T14:47:07.921000","2026-01-29T14:47:07.921000","697b18d70b1739675ee7f599","veselin@tidisolutions.rs","false"
"default-tenant","Finland","","FI","true","35daf096-ecb3-435b-900c-df8830d76e4e","FIN","","697b72ebc910a0874ace5e85","2026-01-29T14:47:07.921000","2026-01-29T14:47:07.921000","697b18d70b1739675ee7f599","veselin@tidisolutions.rs","false"
"default-tenant","Hungary","","HU","true","840c1dc5-66e0-4bb2-b3a8-0f83ab503fd9","HUN","","697b72ebc910a0874ace5e86","2026-01-29T14:47:07.921000","2026-01-29T14:47:07.921000","697b18d70b1739675ee7f599","veselin@tidisolutions.rs","false"
"default-tenant","Spain","","ES","true","ffb0c037-ea3a-47e0-b828-365dd525953b","ESP","","697b72ebc910a0874ace5e87","2026-01-29T14:47:07.921000","2026-01-29T14:47:07.921000","697b18d70b1739675ee7f599","veselin@tidisolutions.rs","false"
"default-tenant","India","","IN","true","8f6610aa-a395-4935-a180-4b09d2916fe1","IND","","697b72ebc910a0874ace5e88","2026-01-29T14:47:07.921000","2026-01-29T14:47:07.921000","697b18d70b1739675ee7f599","veselin@tidisolutions.rs","false"
"default-tenant","Ecuador","","EC","true","7d1e7805-2031-446d-957c-022d0eb99204","ECU","","697b72ebc910a0874ace5e89","2026-01-29T14:47:07.921000","2026-01-29T14:47:07.921000","697b18d70b1739675ee7f599","veselin@tidisolutions.rs","false"
"global","Brazil","","BR","true","5b976829-ca81-4491-a447-04a7f8495e96","BRA","","697b72ebc910a0874ace5e8a","2026-01-29T14:47:07.921000","2026-01-29T14:47:07.921000","697b18d70b1739675ee7f599","veselin@tidisolutions.rs","false"
"default-tenant","Jamaica","","JM","true","1472fd7b-8837-41a0-a47b-9be2c9829a57","JAM","","697b72ebc910a0874ace5e8b","2026-01-29T14:47:07.921000","2026-01-29T14:47:07.921000","697b18d70b1739675ee7f599","veselin@tidisolutions.rs","false"
"global","Curaçao","","CW","true","b820bb6e-dbce-4006-b758-77181abfc2ef","CUW","","697b72ebc910a0874ace5e8c","2026-01-29T14:47:07.921000","2026-01-29T14:47:07.921000","697b18d70b1739675ee7f599","veselin@tidisolutions.rs","false"
"global","Belarus","","BY","true","1e2f4ca4-6e42-4e03-89aa-5958c1f65557","BLR","","697b72ebc910a0874ace5e8d","2026-01-29T14:47:07.921000","2026-01-29T14:47:07.921000","697b18d70b1739675ee7f599","veselin@tidisolutions.rs","false"
"default-tenant","Jersey","","JE","true","37995fd8-4516-434f-9907-8fc655b3e9ff","JEY","","697b72ebc910a0874ace5e8e","2026-01-29T14:47:07.921000","2026-01-29T14:47:07.921000","697b18d70b1739675ee7f599","veselin@tidisolutions.rs","false"
"global","Bouvet Island","","BV","true","0ae38940-538b-49c9-b187-324cecc2b9e8","BVT","","697b72ebc910a0874ace5e8f","2026-01-29T14:47:07.921000","2026-01-29T14:47:07.921000","697b18d70b1739675ee7f599","veselin@tidisolutions.rs","false"
"global","Cuba","","CU","true","cf73f236-3486-470a-a88d-d9dff2c7e387","CUB","","697b72ebc910a0874ace5e90","2026-01-29T14:47:07.921000","2026-01-29T14:47:07.921000","697b18d70b1739675ee7f599","veselin@tidisolutions.rs","false"
"default-tenant","Ethiopia","","ET","true","2c9b291e-0c04-404b-8353-4cca842eb339","ETH","","697b72ebc910a0874ace5e91","2026-01-29T14:47:07.921000","2026-01-29T14:47:07.921000","697b18d70b1739675ee7f599","veselin@tidisolutions.rs","false"
"default-tenant","Ghana","","GH","true","02fe0f91-8c82-4a42-8860-81f3db6d03dc","GHA","","697b72ebc910a0874ace5e92","2026-01-29T14:47:07.921000","2026-01-29T14:47:07.921000","697b18d70b1739675ee7f599","veselin@tidisolutions.rs","false"
"global","Brunei Darussalam","","BN","true","7ae706f7-70e4-4262-9490-244fc0cd4dea","BRN","","697b72ebc910a0874ace5e93","2026-01-29T14:47:07.921000","2026-01-29T14:47:07.921000","697b18d70b1739675ee7f599","veselin@tidisolutions.rs","false"
"global","Cayman Islands","","KY","true","267be66e-4165-4bfb-8f20-de1cd3cf0d2b","CYM","","697b72ebc910a0874ace5e94","2026-01-29T14:47:07.921000","2026-01-29T14:47:07.921000","697b18d70b1739675ee7f599","veselin@tidisolutions.rs","false"
"default-tenant","Fiji","","FJ","true","5aaddc34-b5da-4eae-b73c-c4928e78a5ea","FJI","","697b72ebc910a0874ace5e95","2026-01-29T14:47:07.921000","2026-01-29T14:47:07.921000","697b18d70b1739675ee7f599","veselin@tidisolutions.rs","false"
"global","Cook Islands","","CK","true","cb967bce-abe2-49aa-b1c5-7b33a94006ba","COK","","697b72ebc910a0874ace5e96","2026-01-29T14:47:07.921000","2026-01-29T14:47:07.921000","697b18d70b1739675ee7f599","veselin@tidisolutions.rs","false"
"global","Cabo Verde","","CV","true","60df97b7-9664-4cdf-91c4-44015613466e","CPV","","697b72ebc910a0874ace5e97","2026-01-29T14:47:07.921000","2026-01-29T14:47:07.921000","697b18d70b1739675ee7f599","veselin@tidisolutions.rs","false"
"default-tenant","Guernsey","","GG","true","fdf2603b-09e0-460e-aaf7-57e6669119e4","GGY","","697b72ebc910a0874ace5e98","2026-01-29T14:47:07.921000","2026-01-29T14:47:07.921000","697b18d70b1739675ee7f599","veselin@tidisolutions.rs","false"
"default-tenant","Jordan","","JO","true","64ba6de8-cced-4f51-9583-258a998bb81b","JOR","","697b72ebc910a0874ace5e99","2026-01-29T14:47:07.921000","2026-01-29T14:47:07.921000","697b18d70b1739675ee7f599","veselin@tidisolutions.rs","false"
"default-tenant","Falkland Islands (Malvinas)","","FK","true","0ed0b13e-1c6d-4e76-962d-06368a137535","FLK","","697b72ebc910a0874ace5e9a","2026-01-29T14:47:07.921000","2026-01-29T14:47:07.921000","697b18d70b1739675ee7f599","veselin@tidisolutions.rs","false"
"default-tenant","Guinea","","GN","true","f8a60a92-5be1-4611-9457-1eb2d6ec7115","GIN","","697b72ebc910a0874ace5e9b","2026-01-29T14:47:07.921000","2026-01-29T14:47:07.921000","697b18d70b1739675ee7f599","veselin@tidisolutions.rs","false"
"default-tenant","Denmark","","DK","true","3ab4aca1-5b7b-455c-8510-1676c1d649b4","DNK","","697b72ebc910a0874ace5e9c","2026-01-29T14:47:07.921000","2026-01-29T14:47:07.921000","697b18d70b1739675ee7f599","veselin@tidisolutions.rs","false"
"default-tenant","Iceland","","IS","true","bb667305-17e2-4574-b244-c59193832a1e","ISL","","697b72ebc910a0874ace5e9d","2026-01-29T14:47:07.921000","2026-01-29T14:47:07.921000","697b18d70b1739675ee7f599","veselin@tidisolutions.rs","false"
"global","Congo","","CG","true","8cd727c8-9088-4a0c-96c3-2f5bda21a992","COG","","697b72ebc910a0874ace5e9e","2026-01-29T14:47:07.921000","2026-01-29T14:47:07.921000","697b18d70b1739675ee7f599","veselin@tidisolutions.rs","false"
"global","Bhutan","","BT","true","67f07a23-181d-406e-8582-2846b7237ab3","BTN","","697b72ebc910a0874ace5e9f","2026-01-29T14:47:07.921000","2026-01-29T14:47:07.921000","697b18d70b1739675ee7f599","veselin@tidisolutions.rs","false"
"default-tenant","Croatia","","HR","true","0121d21d-5b2f-4163-9baa-d3a060dfe599","HRV","","697b72ebc910a0874ace5ea0","2026-01-29T14:47:07.921000","2026-01-29T14:47:07.921000","697b18d70b1739675ee7f599","veselin@tidisolutions.rs","false"
"global","Hong Kong","","HK","true","14287195-6c4b-426c-ab1f-a9eb69d5bd8a","HKG","","697b72ebc910a0874ace5ea1","2026-01-29T14:47:07.921000","2026-01-29T14:47:07.921000","697b18d70b1739675ee7f599","veselin@tidisolutions.rs","false"
"global","Christmas Island","","CX","true","935f77ba-6a8b-434b-927a-51dd9dafe11a","CXR","","697b72ebc910a0874ace5ea2","2026-01-29T14:47:07.921000","2026-01-29T14:47:07.921000","697b18d70b1739675ee7f599","veselin@tidisolutions.rs","false"
"default-tenant","Kazakhstan","","KZ","true","baecd9a2-9c3a-4113-9cad-7568d514b1b2","KAZ","","697b72ebc910a0874ace5ea3","2026-01-29T14:47:07.921000","2026-01-29T14:47:07.921000","697b18d70b1739675ee7f599","veselin@tidisolutions.rs","false"
"default-tenant","Bermuda","","BM","true","eed47a3c-38eb-4f60-aa86-e199fe8f2d0d","BMU","","697b72ebc910a0874ace5ea4","2026-01-29T14:47:07.921000","2026-01-29T14:47:07.921000","697b18d70b1739675ee7f599","veselin@tidisolutions.rs","false"
"default-tenant","Guadeloupe","","GP","true","92517683-d60f-4aef-a75e-0083b1f2e231","GLP","","697b72ebc910a0874ace5ea5","2026-01-29T14:47:07.921000","2026-01-29T14:47:07.921000","697b18d70b1739675ee7f599","veselin@tidisolutions.rs","false"
"default-tenant","British Indian Ocean Territory","","IO","true","7292059a-3a2d-4444-8428-625dc047532e","IOT","","697b72ebc910a0874ace5ea6","2026-01-29T14:47:07.921000","2026-01-29T14:47:07.921000","697b18d70b1739675ee7f599","veselin@tidisolutions.rs","false"
"default-tenant","Equatorial Guinea","","GQ","true","6c81a332-27d9-47cc-93ef-b25e3be64cf1","GNQ","","697b72ebc910a0874ace5ea7","2026-01-29T14:47:07.921000","2026-01-29T14:47:07.921000","697b18d70b1739675ee7f599","veselin@tidisolutions.rs","false"
"global","Botswana","","BW","true","e99daf1c-8164-43dc-a9d5-6efd78dbe8bd","BWA","","697b72ebc910a0874ace5ea8","2026-01-29T14:47:07.921000","2026-01-29T14:47:07.921000","697b18d70b1739675ee7f599","veselin@tidisolutions.rs","false"
"default-tenant","Cambodia","","KH","true","3e939a31-1b63-4273-b5d3-8739402418ef","KHM","","697b72ebc910a0874ace5ea9","2026-01-29T14:47:07.921000","2026-01-29T14:47:07.921000","697b18d70b1739675ee7f599","veselin@tidisolutions.rs","false"
"default-tenant","Guatemala","","GT","true","3d534151-6263-4c27-9a00-d38c3efe2409","GTM","","697b72ebc910a0874ace5eaa","2026-01-29T14:47:07.921000","2026-01-29T14:47:07.921000","697b18d70b1739675ee7f599","veselin@tidisolutions.rs","false"
"global","Cameroon","","CM","true","086966b9-2180-4a0e-a9ca-8cf506e4c31e","CMR","","697b72ebc910a0874ace5eab","2026-01-29T14:47:07.921000","2026-01-29T14:47:07.921000","697b18d70b1739675ee7f599","veselin@tidisolutions.rs","false"
"default-tenant","Argentina","","AR","true","5987c727-5b4d-41e3-b486-bbf9f92f4ea8","ARG","","697b72ebc910a0874ace5eac","2026-01-29T14:47:07.921000","2026-01-29T14:47:07.921000","697b18d70b1739675ee7f599","veselin@tidisolutions.rs","false"
"default-tenant","Afghanistan","","AF","true","21bb1e43-c611-4281-b3f4-a4c89e48758d","AFG","","697b72ebc910a0874ace5ead","2026-01-29T14:47:07.921000","2026-01-29T14:47:07.921000","697b18d70b1739675ee7f599","veselin@tidisolutions.rs","false"
"global","Austria","","AT","true","352e6014-9f3e-453d-9a3a-57be458c6cb4","AUT","","697b72ebc910a0874ace5eae","2026-01-29T14:47:07.921000","2026-01-29T14:47:07.921000","697b18d70b1739675ee7f599","veselin@tidisolutions.rs","false"
"global","Aruba","","AW","true","64ea26cb-eb98-4e33-97c6-20703204cad1","ABW","","697b72ebc910a0874ace5eaf","2026-01-29T14:47:07.921000","2026-01-29T14:47:07.921000","697b18d70b1739675ee7f599","veselin@tidisolutions.rs","false"
"default-tenant","Turkey","","TR","true","7adf4e0d-ae6b-4329-956d-449d30095d8d","TUR","","697b72ebc910a0874ace5de2","2026-01-29T14:47:07.920000","2026-01-29T14:47:07.920000","697b18d70b1739675ee7f599","veselin@tidisolutions.rs","false"
"default-tenant","Tunisia","","TN","true","2095d30f-0e20-4d69-abd1-d92e8385b00c","TUN","","697b72ebc910a0874ace5de3","2026-01-29T14:47:07.920000","2026-01-29T14:47:07.920000","697b18d70b1739675ee7f599","veselin@tidisolutions.rs","false"
"default-tenant","Virgin Islands, British","","VG","true","7f00ae20-de72-4658-bfe8-863643e33313","VGB","","697b72ebc910a0874ace5de4","2026-01-29T14:47:07.920000","2026-01-29T14:47:07.920000","697b18d70b1739675ee7f599","veselin@tidisolutions.rs","false"
"default-tenant","Yemen","","YE","true","dddd0645-30fb-4c05-b1ff-b89f4ee6278b","YEM","","697b72ebc910a0874ace5de5","2026-01-29T14:47:07.920000","2026-01-29T14:47:07.920000","697b18d70b1739675ee7f599","veselin@tidisolutions.rs","false"
"default-tenant","Virgin Islands, U.S.","","VI","true","dc6a2f37-ccaa-4236-9df1-ba454ea08b28","VIR","","697b72ebc910a0874ace5de6","2026-01-29T14:47:07.920000","2026-01-29T14:47:07.920000","697b18d70b1739675ee7f599","veselin@tidisolutions.rs","false"
"default-tenant","Saint Vincent and the Grenadines","","VC","true","fcea1c46-9c0e-474c-a1da-8c096bfae069","VCT","","697b72ebc910a0874ace5de7","2026-01-29T14:47:07.920000","2026-01-29T14:47:07.920000","697b18d70b1739675ee7f599","veselin@tidisolutions.rs","false"
"default-tenant","Uganda","","UG","true","cb3a5986-d617-43f1-9b2e-1a6165b4df78","UGA","","697b72ebc910a0874ace5de8","2026-01-29T14:47:07.920000","2026-01-29T14:47:07.920000","697b18d70b1739675ee7f599","veselin@tidisolutions.rs","false"
"default-tenant","Zambia","","ZM","true","ab4fad6e-0f04-40bc-a269-0c26debdca47","ZMB","","697b72ebc910a0874ace5de9","2026-01-29T14:47:07.920000","2026-01-29T14:47:07.920000","697b18d70b1739675ee7f599","veselin@tidisolutions.rs","false"
"default-tenant","Vanuatu","","VU","true","a62c1f91-7fdc-45d4-9b4e-2e91eb8656fd","VUT","","697b72ebc910a0874ace5dea","2026-01-29T14:47:07.920000","2026-01-29T14:47:07.920000","697b18d70b1739675ee7f599","veselin@tidisolutions.rs","false"
"default-tenant","United States Minor Outlying Islands","","UM","true","afd7203e-e07a-44aa-81e1-9fd08aac15e2","UMI","","697b72ebc910a0874ace5deb","2026-01-29T14:47:07.920000","2026-01-29T14:47:07.920000","697b18d70b1739675ee7f599","veselin@tidisolutions.rs","false"
"default-tenant","Pakistan","","PK","true","82278257-6f23-4b06-9c6a-6983be0915b5","PAK","","697b72ebc910a0874ace5dec","2026-01-29T14:47:07.920000","2026-01-29T14:47:07.920000","697b18d70b1739675ee7f599","veselin@tidisolutions.rs","false"
"default-tenant","Korea, Democratic People's Republic of","","KP","true","7aca1bc0-a6de-497a-b328-0c062fabab03","PRK","","697b72ebc910a0874ace5ded","2026-01-29T14:47:07.920000","2026-01-29T14:47:07.920000","697b18d70b1739675ee7f599","veselin@tidisolutions.rs","false"
"default-tenant","Reunion","","RE","true","9d20d617-1c11-4047-b9c7-b6fa155b03f2","REU","","697b72ebc910a0874ace5dee","2026-01-29T14:47:07.920000","2026-01-29T14:47:07.920000","697b18d70b1739675ee7f599","veselin@tidisolutions.rs","false"
"default-tenant","Solomon Islands","","SB","true","9a240813-0155-4d21-adb8-94fd9fca5a56","SLB","","697b72ebc910a0874ace5def","2026-01-29T14:47:07.920000","2026-01-29T14:47:07.920000","697b18d70b1739675ee7f599","veselin@tidisolutions.rs","false"
"default-tenant","San Marino","","SM","true","e6596eca-2ea2-4f1b-8b55-b47048c5059d","SMR","","697b72ebc910a0874ace5df0","2026-01-29T14:47:07.920000","2026-01-29T14:47:07.920000","697b18d70b1739675ee7f599","veselin@tidisolutions.rs","false"
"default-tenant","Libya","","LY","true","33106138-94dc-4964-b133-54a6dd0fae32","LBY","","697b72ebc910a0874ace5df1","2026-01-29T14:47:07.920000","2026-01-29T14:47:07.920000","697b18d70b1739675ee7f599","veselin@tidisolutions.rs","false"
"default-tenant","Lebanon","","LB","true","3233c46e-0675-4196-8d7a-b0f9a7b3b02c","LBN","","697b72ebc910a0874ace5df2","2026-01-29T14:47:07.920000","2026-01-29T14:47:07.920000","697b18d70b1739675ee7f599","veselin@tidisolutions.rs","false"
"global","Niger","","NE","true","e484fee3-d0b5-490c-97b4-79e643651ba2","NER","","697b72ebc910a0874ace5df3","2026-01-29T14:47:07.920000","2026-01-29T14:47:07.920000","697b18d70b1739675ee7f599","veselin@tidisolutions.rs","false"
"default-tenant","Palau","","PW","true","c0307c7f-c762-4cff-a3d1-f6dc7315cf01","PLW","","697b72ebc910a0874ace5df4","2026-01-29T14:47:07.920000","2026-01-29T14:47:07.920000","697b18d70b1739675ee7f599","veselin@tidisolutions.rs","false"
"default-tenant","Nauru","","NR","true","c5dd6b11-86ab-4d39-bf9e-39fe1394dc5d","NRU","","697b72ebc910a0874ace5df5","2026-01-29T14:47:07.920000","2026-01-29T14:47:07.920000","697b18d70b1739675ee7f599","veselin@tidisolutions.rs","false"
"global","New Caledonia","","NC","true","195c0966-c965-48d0-b3c9-733560185f5e","NCL","","697b72ebc910a0874ace5df6","2026-01-29T14:47:07.920000","2026-01-29T14:47:07.920000","697b18d70b1739675ee7f599","veselin@tidisolutions.rs","false"
"default-tenant","Syrian Arab Republic","","SY","true","a138ca0c-547e-41cc-a9ce-556feace43a5","SYR","","697b72ebc910a0874ace5df7","2026-01-29T14:47:07.920000","2026-01-29T14:47:07.920000","697b18d70b1739675ee7f599","veselin@tidisolutions.rs","false"
"default-tenant","Pitcairn","","PN","true","b016b18f-b11e-47ed-b7d3-3bd764c3becd","PCN","","697b72ebc910a0874ace5df8","2026-01-29T14:47:07.920000","2026-01-29T14:47:07.920000","697b18d70b1739675ee7f599","veselin@tidisolutions.rs","false"
"global","Nicaragua","","NI","true","382ebf52-a825-4705-a322-f15c29a26beb","NIC","","697b72ebc910a0874ace5df9","2026-01-29T14:47:07.920000","2026-01-29T14:47:07.920000","697b18d70b1739675ee7f599","veselin@tidisolutions.rs","false"
"default-tenant","El Salvador","","SV","true","c158db3d-8caf-466e-ae7c-260598703b10","SLV","","697b72ebc910a0874ace5dfa","2026-01-29T14:47:07.920000","2026-01-29T14:47:07.920000","697b18d70b1739675ee7f599","veselin@tidisolutions.rs","false"
"default-tenant","Turkmenistan","","TM","true","6cc01c5b-10ac-444a-9cee-826ba4f84e81","TKM","","697b72ebc910a0874ace5dfb","2026-01-29T14:47:07.920000","2026-01-29T14:47:07.920000","697b18d70b1739675ee7f599","veselin@tidisolutions.rs","false"
"default-tenant","Lesotho","","LS","true","b9e4a301-d87c-42e0-84af-c6cbf8865ac0","LSO","","697b72ebc910a0874ace5dfc","2026-01-29T14:47:07.920000","2026-01-29T14:47:07.920000","697b18d70b1739675ee7f599","veselin@tidisolutions.rs","false"
"default-tenant","Peru","","PE","true","41e92ff6-add2-4dd8-848f-5b4d1aeb9c57","PER","","697b72ebc910a0874ace5dfd","2026-01-29T14:47:07.920000","2026-01-29T14:47:07.920000","697b18d70b1739675ee7f599","veselin@tidisolutions.rs","false"
"default-tenant","Morocco","","MA","true","ad68b3d2-aa5b-451e-8a00-e9a9220d0ada","MAR","","697b72ebc910a0874ace5dfe","2026-01-29T14:47:07.920000","2026-01-29T14:47:07.920000","697b18d70b1739675ee7f599","veselin@tidisolutions.rs","false"
"default-tenant","Saint Helena, Ascension and Tristan da Cunha","","SH","true","482e16b0-9ce2-4bf9-99d4-aef08250628f","SHN","","697b72ebc910a0874ace5dff","2026-01-29T14:47:07.920000","2026-01-29T14:47:07.920000","697b18d70b1739675ee7f599","veselin@tidisolutions.rs","false"
"global","Tajikistan","","TJ","true","f965fcf7-b680-4e84-b1be-c6b078a8fc90","TJK","","697b72ebc910a0874ace5e00","2026-01-29T14:47:07.920000","2026-01-29T14:47:07.920000","697b18d70b1739675ee7f599","veselin@tidisolutions.rs","false"
"default-tenant","Saint Kitts and Nevis","","KN","true","52d3c0a3-c66a-471e-a306-851bbd51e541","KNA","","697b72ebc910a0874ace5e01","2026-01-29T14:47:07.920000","2026-01-29T14:47:07.920000","697b18d70b1739675ee7f599","veselin@tidisolutions.rs","false"
"global","Malaysia","","MY","true","1c18f788-d487-470b-900d-7821fde17d1c","MYS","","697b72ebc910a0874ace5e02","2026-01-29T14:47:07.920000","2026-01-29T14:47:07.920000","697b18d70b1739675ee7f599","veselin@tidisolutions.rs","false"
"default-tenant","Lithuania","","LT","true","fca42bae-fc14-4006-9ca7-84092c58bc90","LTU","","697b72ebc910a0874ace5e03","2026-01-29T14:47:07.920000","2026-01-29T14:47:07.920000","697b18d70b1739675ee7f599","veselin@tidisolutions.rs","false"
"global","Chad","","TD","true","6f4831a6-c2ed-4e3b-b0c0-8c944be6883c","TCD","","697b72ebc910a0874ace5e04","2026-01-29T14:47:07.920000","2026-01-29T14:47:07.920000","697b18d70b1739675ee7f599","veselin@tidisolutions.rs","false"
"default-tenant","Myanmar","","MM","true","16ff0490-1461-40f9-b69b-a7559b7cb5e7","MMR","","697b72ebc910a0874ace5e05","2026-01-29T14:47:07.920000","2026-01-29T14:47:07.920000","697b18d70b1739675ee7f599","veselin@tidisolutions.rs","false"
"default-tenant","Mauritius","","MU","true","83503f6e-bcc9-405a-99f6-9a01a4aa83f1","MUS","","697b72ebc910a0874ace5e06","2026-01-29T14:47:07.920000","2026-01-29T14:47:07.920000","697b18d70b1739675ee7f599","veselin@tidisolutions.rs","false"
"default-tenant","Mexico","","MX","true","ef6c416e-c9b8-4098-8f96-df3f0e6c6fa5","MEX","","697b72ebc910a0874ace5e07","2026-01-29T14:47:07.920000","2026-01-29T14:47:07.920000","697b18d70b1739675ee7f599","veselin@tidisolutions.rs","false"
"default-tenant","Slovakia","","SK","true","a9cfc70e-bd28-4a63-b2a4-9460d3e91bc4","SVK","","697b72ebc910a0874ace5e08","2026-01-29T14:47:07.920000","2026-01-29T14:47:07.920000","697b18d70b1739675ee7f599","veselin@tidisolutions.rs","false"
"default-tenant","Maldives","","MV","true","cf1a760e-89a2-4016-a564-36e7fb66aa44","MDV","","697b72ebc910a0874ace5e09","2026-01-29T14:47:07.920000","2026-01-29T14:47:07.920000","697b18d70b1739675ee7f599","veselin@tidisolutions.rs","false"
"default-tenant","Liberia","","LR","true","048f3188-5e99-4ac1-93c6-5192b4fc296e","LBR","","697b72ebc910a0874ace5e0a","2026-01-29T14:47:07.920000","2026-01-29T14:47:07.920000","697b18d70b1739675ee7f599","veselin@tidisolutions.rs","false"
"default-tenant","Serbia","","RS","true","2560eccb-df6c-4079-b7b7-87e8375d7320","SRB","","697b72ebc910a0874ace5e0b","2026-01-29T14:47:07.920000","2026-01-29T14:47:07.920000","697b18d70b1739675ee7f599","veselin@tidisolutions.rs","false"
"default-tenant","Mozambique","","MZ","true","d891ba34-6d07-4ff8-b505-44b56e893739","MOZ","","697b72ebc910a0874ace5e0c","2026-01-29T14:47:07.920000","2026-01-29T14:47:07.920000","697b18d70b1739675ee7f599","veselin@tidisolutions.rs","false"
"default-tenant","Seychelles","","SC","true","65b6cb4e-ee6b-4131-90c1-3e7019f2718c","SYC","","697b72ebc910a0874ace5e0d","2026-01-29T14:47:07.920000","2026-01-29T14:47:07.920000","697b18d70b1739675ee7f599","veselin@tidisolutions.rs","false"
"default-tenant","Saint Lucia","","LC","true","71e1c795-fc9a-4cd0-af60-b5733033ce04","LCA","","697b72ebc910a0874ace5e0e","2026-01-29T14:47:07.920000","2026-01-29T14:47:07.920000","697b18d70b1739675ee7f599","veselin@tidisolutions.rs","false"
"default-tenant","Philippines","","PH","true","36ee0283-94e9-4175-aea3-8f87f7f51ab1","PHL","","697b72ebc910a0874ace5e0f","2026-01-29T14:47:07.920000","2026-01-29T14:47:07.920000","697b18d70b1739675ee7f599","veselin@tidisolutions.rs","false"
"default-tenant","Puerto Rico","","PR","true","06669035-29e1-4957-848b-71b5fa2bb8f5","PRI","","697b72ebc910a0874ace5e10","2026-01-29T14:47:07.920000","2026-01-29T14:47:07.920000","697b18d70b1739675ee7f599","veselin@tidisolutions.rs","false"
"default-tenant","Sao Tome and Principe","","ST","true","49c80732-3844-48d7-a3dc-cadab9f56947","STP","","697b72ebc910a0874ace5e11","2026-01-29T14:47:07.920000","2026-01-29T14:47:07.920000","697b18d70b1739675ee7f599","veselin@tidisolutions.rs","false"
"default-tenant","Northern Mariana Islands","","MP","true","fd77579e-6218-44dd-9f81-b0f00e0b369b","MNP","","697b72ebc910a0874ace5e12","2026-01-29T14:47:07.920000","2026-01-29T14:47:07.920000","697b18d70b1739675ee7f599","veselin@tidisolutions.rs","false"
"default-tenant","Kuwait","","KW","true","69ba5578-75ac-4bf8-8fa2-3fe3d770fb53","KWT","","697b72ebc910a0874ace5e13","2026-01-29T14:47:07.920000","2026-01-29T14:47:07.920000","697b18d70b1739675ee7f599","veselin@tidisolutions.rs","false"
"default-tenant","Saint Martin (French part)","","MF","true","9b95a9fc-a562-4f6e-b466-62ed60823def","MAF","","697b72ebc910a0874ace5e14","2026-01-29T14:47:07.920000","2026-01-29T14:47:07.920000","697b18d70b1739675ee7f599","veselin@tidisolutions.rs","false"
"default-tenant","Malta","","MT","true","2d0409e3-4fed-42cd-82c3-18af9c5889e1","MLT","","697b72ebc910a0874ace5e15","2026-01-29T14:47:07.920000","2026-01-29T14:47:07.920000","697b18d70b1739675ee7f599","veselin@tidisolutions.rs","false"
"default-tenant","Marshall Islands","","MH","true","29f1706c-3a02-4d16-b008-d3e603414b38","MHL","","697b72ebc910a0874ace5e16","2026-01-29T14:47:07.920000","2026-01-29T14:47:07.920000","697b18d70b1739675ee7f599","veselin@tidisolutions.rs","false"
"default-tenant","Mongolia","","MN","true","9d7de313-ad06-4c31-8def-67bd4266851c","MNG","","697b72ebc910a0874ace5e17","2026-01-29T14:47:07.920000","2026-01-29T14:47:07.920000","697b18d70b1739675ee7f599","veselin@tidisolutions.rs","false"
"global","Sweden","","SE","true","07b35d6f-1f77-4712-84d4-73d251fe278f","SWE","","697b72ebc910a0874ace5e18","2026-01-29T14:47:07.920000","2026-01-29T14:47:07.920000","697b18d70b1739675ee7f599","veselin@tidisolutions.rs","false"
"global","Tokelau","","TK","true","e8b05a62-149f-4095-98da-27681b5d272b","TKL","","697b72ebc910a0874ace5e19","2026-01-29T14:47:07.920000","2026-01-29T14:47:07.920000","697b18d70b1739675ee7f599","veselin@tidisolutions.rs","false"
"global","Palestine, State of","","PS","true","416aac33-2d60-4381-8ede-72f18731ea0d","PSE","","697b72ebc910a0874ace5e1a","2026-01-29T14:47:07.920000","2026-01-29T14:47:07.920000","697b18d70b1739675ee7f599","veselin@tidisolutions.rs","false"
"default-tenant","Montenegro","","ME","true","98b74ddb-29f1-4131-94bc-b4aa1625905d","MNE","","697b72ebc910a0874ace5e1b","2026-01-29T14:47:07.920000","2026-01-29T14:47:07.920000","697b18d70b1739675ee7f599","veselin@tidisolutions.rs","false"
"global","Saudi Arabia","","SA","true","6b38c227-fa1e-4644-a5c2-9e8bc424c32b","SAU","","697b72ebc910a0874ace5e1c","2026-01-29T14:47:07.920000","2026-01-29T14:47:07.920000","697b18d70b1739675ee7f599","veselin@tidisolutions.rs","false"
"global","Qatar","","QA","true","f84447ae-1b75-40aa-94b2-e8f270612276","QAT","","697b72ebc910a0874ace5e1d","2026-01-29T14:47:07.920000","2026-01-29T14:47:07.920000","697b18d70b1739675ee7f599","veselin@tidisolutions.rs","false"
"default-tenant","Lao People's Democratic Republic","","LA","true","369d4ddf-670e-4794-b838-e0820b1d664e","LAO","","697b72ebc910a0874ace5e1e","2026-01-29T14:47:07.920000","2026-01-29T14:47:07.920000","697b18d70b1739675ee7f599","veselin@tidisolutions.rs","false"
"default-tenant","Sudan","","SD","true","78117b4b-b4ae-4d16-ba9d-048fe2df36ca","SDN","","697b72ebc910a0874ace5e1f","2026-01-29T14:47:07.920000","2026-01-29T14:47:07.920000","697b18d70b1739675ee7f599","veselin@tidisolutions.rs","false"
"default-tenant","Sri Lanka","","LK","true","3cb8b323-3013-45f9-b530-f20fa819529b","LKA","","697b72ebc910a0874ace5e20","2026-01-29T14:47:07.920000","2026-01-29T14:47:07.920000","697b18d70b1739675ee7f599","veselin@tidisolutions.rs","false"
"global","Sint Maarten (Dutch part)","","SX","true","6ca24143-a0f3-4d68-89d5-c3a2ccecd9c3","SXM","","697b72ebc910a0874ace5e21","2026-01-29T14:47:07.920000","2026-01-29T14:47:07.920000","697b18d70b1739675ee7f599","veselin@tidisolutions.rs","false"
"default-tenant","Saint Pierre and Miquelon","","PM","true","c260c69a-1931-4313-8e79-d7d746915314","SPM","","697b72ebc910a0874ace5e22","2026-01-29T14:47:07.920000","2026-01-29T14:47:07.920000","697b18d70b1739675ee7f599","veselin@tidisolutions.rs","false"
"default-tenant","Nigeria","","NG","true","369dadf3-ee56-40fe-96d8-0f77997bdce3","NGA","","697b72ebc910a0874ace5e23","2026-01-29T14:47:07.920000","2026-01-29T14:47:07.920000","697b18d70b1739675ee7f599","veselin@tidisolutions.rs","false"
"global","Malawi","","MW","true","56fcc7a6-5e2d-4032-a4bf-19d260dd8104","MWI","","697b72ebc910a0874ace5e24","2026-01-29T14:47:07.920000","2026-01-29T14:47:07.920000","697b18d70b1739675ee7f599","veselin@tidisolutions.rs","false"
"default-tenant","Turks and Caicos Islands","","TC","true","b208764d-b777-4c68-8deb-bc9f683d63ce","TCA","","697b72ebc910a0874ace5e25","2026-01-29T14:47:07.920000","2026-01-29T14:47:07.920000","697b18d70b1739675ee7f599","veselin@tidisolutions.rs","false"
"default-tenant","Romania","","RO","true","fa7e17d3-cac4-4876-8d4c-851af3ac502f","ROU","","697b72ebc910a0874ace5e26","2026-01-29T14:47:07.920000","2026-01-29T14:47:07.920000","697b18d70b1739675ee7f599","veselin@tidisolutions.rs","false"
"global","South Georgia and the South Sandwich Islands","","GS","true","3c930783-7dc6-47ef-971c-64ddc5bd7f83","SGS","","697b72ebc910a0874ace5e27","2026-01-29T14:47:07.920000","2026-01-29T14:47:07.920000","697b18d70b1739675ee7f599","veselin@tidisolutions.rs","false"
"default-tenant","Slovenia","","SI","true","a208449a-cdad-49a0-8674-f4ed105d38ad","SVN","","697b72ebc910a0874ace5e28","2026-01-29T14:47:07.920000","2026-01-29T14:47:07.920000","697b18d70b1739675ee7f599","veselin@tidisolutions.rs","false"
"default-tenant","Sierra Leone","","SL","true","435a09af-5de8-4ac9-88c5-859402ca69ee","SLE","","697b72ebc910a0874ace5e29","2026-01-29T14:47:07.920000","2026-01-29T14:47:07.920000","697b18d70b1739675ee7f599","veselin@tidisolutions.rs","false"
"default-tenant","New Zealand","","NZ","true","4053e812-d627-4462-98f1-ee83462c2da0","NZL","","697b72ebc910a0874ace5e2a","2026-01-29T14:47:07.920000","2026-01-29T14:47:07.920000","697b18d70b1739675ee7f599","veselin@tidisolutions.rs","false"
"global","Namibia","","NA","true","942347fb-5d30-4fed-8dbd-d012a75d7f09","NAM","","697b72ebc910a0874ace5e2b","2026-01-29T14:47:07.920000","2026-01-29T14:47:07.920000","697b18d70b1739675ee7f599","veselin@tidisolutions.rs","false"
"global","Mayotte","","YT","true","afdfd945-23a7-47c7-b82b-cae3545e8fb7","MYT","","697b72ebc910a0874ace5e2c","2026-01-29T14:47:07.920000","2026-01-29T14:47:07.920000","697b18d70b1739675ee7f599","veselin@tidisolutions.rs","false"
"default-tenant","Madagascar","","MG","true","f7ee2788-4913-401d-b231-a08f66570263","MDG","","697b72ebc910a0874ace5e2d","2026-01-29T14:47:07.920000","2026-01-29T14:47:07.920000","697b18d70b1739675ee7f599","veselin@tidisolutions.rs","false"
"default-tenant","Liechtenstein","","LI","true","d89472a1-ba9f-49f0-9018-fa2150001c48","LIE","","697b72ebc910a0874ace5e2e","2026-01-29T14:47:07.920000","2026-01-29T14:47:07.920000","697b18d70b1739675ee7f599","veselin@tidisolutions.rs","false"
"global","Panama","","PA","true","2779b569-9ea3-4780-a081-f1822864b242","PAN","","697b72ebc910a0874ace5e2f","2026-01-29T14:47:07.920000","2026-01-29T14:47:07.920000","697b18d70b1739675ee7f599","veselin@tidisolutions.rs","false"
"global","Nepal","","NP","true","9cfd3133-bad9-47b8-872d-c2f82387a7ae","NPL","","697b72ebc910a0874ace5e30","2026-01-29T14:47:07.920000","2026-01-29T14:47:07.920000","697b18d70b1739675ee7f599","veselin@tidisolutions.rs","false"
"default-tenant","Latvia","","LV","true","9229c5d3-3373-4720-9dc7-0552bcbeb517","LVA","","697b72ebc910a0874ace5e31","2026-01-29T14:47:07.920000","2026-01-29T14:47:07.920000","697b18d70b1739675ee7f599","veselin@tidisolutions.rs","false"
"global","Montserrat","","MS","true","36a5ffc5-0647-48be-ae69-b7a6213893ab","MSR","","697b72ebc910a0874ace5e32","2026-01-29T14:47:07.920000","2026-01-29T14:47:07.920000","697b18d70b1739675ee7f599","veselin@tidisolutions.rs","false"
"default-tenant","Niue","","NU","true","ee133dfe-2a83-46ae-ba3b-6debd15df6a6","NIU","","697b72ebc910a0874ace5e33","2026-01-29T14:47:07.920000","2026-01-29T14:47:07.920000","697b18d70b1739675ee7f599","veselin@tidisolutions.rs","false"
"default-tenant","Macao","","MO","true","19d4366c-3c24-4715-a99b-54cadb24fa5a","MAC","","697b72ebc910a0874ace5e34","2026-01-29T14:47:07.920000","2026-01-29T14:47:07.920000","697b18d70b1739675ee7f599","veselin@tidisolutions.rs","false"
"default-tenant","Paraguay","","PY","true","8100f1bb-c3e4-4cf4-b72f-0a409a0583db","PRY","","697b72ebc910a0874ace5e35","2026-01-29T14:47:07.920000","2026-01-29T14:47:07.920000","697b18d70b1739675ee7f599","veselin@tidisolutions.rs","false"
"default-tenant","Mali","","ML","true","e961f548-a5c2-430f-82c8-301b2f28fb9b","MLI","","697b72ebc910a0874ace5e36","2026-01-29T14:47:07.920000","2026-01-29T14:47:07.920000","697b18d70b1739675ee7f599","veselin@tidisolutions.rs","false"
"default-tenant","Somalia","","SO","true","1e3e0316-77e3-49ac-8e33-1e85ab936616","SOM","","697b72ebc910a0874ace5e37","2026-01-29T14:47:07.920000","2026-01-29T14:47:07.920000","697b18d70b1739675ee7f599","veselin@tidisolutions.rs","false"
"default-tenant","Portugal","","PT","true","5cddab71-4c4d-428c-813a-2d496e864ee4","PRT","","697b72ebc910a0874ace5e38","2026-01-29T14:47:07.920000","2026-01-29T14:47:07.920000","697b18d70b1739675ee7f599","veselin@tidisolutions.rs","false"
"global","Mauritania","","MR","true","85ebb48d-e95d-4427-9408-a581f28e317d","MRT","","697b72ebc910a0874ace5e39","2026-01-29T14:47:07.920000","2026-01-29T14:47:07.920000","697b18d70b1739675ee7f599","veselin@tidisolutions.rs","false"
"default-tenant","French Polynesia","","PF","true","4c8edb82-1c92-41bc-b4d8-9a69f7ab9eb5","PYF","","697b72ebc910a0874ace5e3a","2026-01-29T14:47:07.920000","2026-01-29T14:47:07.920000","697b18d70b1739675ee7f599","veselin@tidisolutions.rs","false"
"global","Norfolk Island","","NF","true","2e235adf-9547-414e-8969-294757598f2c","NFK","","697b72ebc910a0874ace5e3b","2026-01-29T14:47:07.920000","2026-01-29T14:47:07.920000","697b18d70b1739675ee7f599","veselin@tidisolutions.rs","false"
"default-tenant","Suriname","","SR","true","5e895f4e-ac1c-4e05-9d52-6cc4042dfd80","SUR","","697b72ebc910a0874ace5e3c","2026-01-29T14:47:07.920000","2026-01-29T14:47:07.920000","697b18d70b1739675ee7f599","veselin@tidisolutions.rs","false"
"default-tenant","Timor-Leste","","TL","true","cb664afb-2a56-4cd2-b690-69217db7c6cb","TLS","","697b72ebc910a0874ace5e3d","2026-01-29T14:47:07.920000","2026-01-29T14:47:07.920000","697b18d70b1739675ee7f599","veselin@tidisolutions.rs","false"
"global","Tonga","","TO","true","a77e5fc6-0028-4a44-aeeb-63c10075606f","TON","","697b72ebc910a0874ace5e3e","2026-01-29T14:47:07.920000","2026-01-29T14:47:07.920000","697b18d70b1739675ee7f599","veselin@tidisolutions.rs","false"
"default-tenant","Russian Federation","","RU","true","548a334b-9cd0-42f6-898a-248ab5a45663","RUS","","697b72ebc910a0874ace5e3f","2026-01-29T14:47:07.920000","2026-01-29T14:47:07.920000","697b18d70b1739675ee7f599","veselin@tidisolutions.rs","false"
"default-tenant","Thailand","","TH","true","56f5d3bf-df77-4b14-813c-2c0feb2c0927","THA","","697b72ebc910a0874ace5e40","2026-01-29T14:47:07.920000","2026-01-29T14:47:07.920000","697b18d70b1739675ee7f599","veselin@tidisolutions.rs","false"
"default-tenant","Papua New Guinea","","PG","true","7b804711-06ca-45f4-a652-e966c22b1126","PNG","","697b72ebc910a0874ace5e41","2026-01-29T14:47:07.920000","2026-01-29T14:47:07.920000","697b18d70b1739675ee7f599","veselin@tidisolutions.rs","false"
"default-tenant","Svalbard and Jan Mayen","","SJ","true","068e582a-9b8e-491e-ba0e-dfa62aa568e2","SJM","","697b72ebc910a0874ace5e42","2026-01-29T14:47:07.920000","2026-01-29T14:47:07.920000","697b18d70b1739675ee7f599","veselin@tidisolutions.rs","false"
"global","Oman","","OM","true","60716f8c-21d8-48c4-89c6-cf79fac2b542","OMN","","697b72ebc910a0874ace5e43","2026-01-29T14:47:07.920000","2026-01-29T14:47:07.920000","697b18d70b1739675ee7f599","veselin@tidisolutions.rs","false"
"global","Bahamas","","BS","true","550e8400-e29b-41d4-a716-446655550002","","","697b72ebc910a0874ace5dcf","2026-01-29T14:47:07.919000","2026-01-29T14:47:07.919000","697b18d70b1739675ee7f599","veselin@tidisolutions.rs","false"
"global","Malta","","MT","true","550e8400-e29b-41d4-a716-446655550005","","","697b72ebc910a0874ace5dd0","2026-01-29T14:47:07.919000","2026-01-29T14:47:07.919000","697b18d70b1739675ee7f599","veselin@tidisolutions.rs","false"
"global","Greece","","GR","true","550e8400-e29b-41d4-a716-446655550003","","","697b72ebc910a0874ace5dd1","2026-01-29T14:47:07.919000","2026-01-29T14:47:07.919000","697b18d70b1739675ee7f599","veselin@tidisolutions.rs","false"
"global","Liberia","","LR","true","550e8400-e29b-41d4-a716-446655550004","","","697b72ebc910a0874ace5dd2","2026-01-29T14:47:07.919000","2026-01-29T14:47:07.919000","697b18d70b1739675ee7f599","veselin@tidisolutions.rs","false"
"global","Marshall Islands","","MH","true","550e8400-e29b-41d4-a716-446655550001","","","697b72ebc910a0874ace5dd3","2026-01-29T14:47:07.919000","2026-01-29T14:47:07.919000","697b18d70b1739675ee7f599","veselin@tidisolutions.rs","false"
"default-tenant","Holy See (Vatican City State)","","VA","true","23240e57-b7dc-4cf9-9dcb-0b767ea8fc2d","VAT","","697b72ebc910a0874ace5dd4","2026-01-29T14:47:07.919000","2026-01-29T14:47:07.919000","697b18d70b1739675ee7f599","veselin@tidisolutions.rs","false"
"default-tenant","Samoa","","WS","true","4df73dc1-f44a-49bc-b043-927d448aee80","WSM","","697b72ebc910a0874ace5dd5","2026-01-29T14:47:07.919000","2026-01-29T14:47:07.919000","697b18d70b1739675ee7f599","veselin@tidisolutions.rs","false"
"default-tenant","Uruguay","","UY","true","1fcfaa8d-df4a-4504-b8bf-c11725bf2ea8","URY","","697b72ebc910a0874ace5dd6","2026-01-29T14:47:07.919000","2026-01-29T14:47:07.919000","697b18d70b1739675ee7f599","veselin@tidisolutions.rs","false"
"default-tenant","Tuvalu","","TV","true","75b1f3c5-e309-432d-8f1c-1fcf1c8383be","TUV","","697b72ebc910a0874ace5dd7","2026-01-29T14:47:07.919000","2026-01-29T14:47:07.919000","697b18d70b1739675ee7f599","veselin@tidisolutions.rs","false"
"default-tenant","Uzbekistan","","UZ","true","cc241227-7fe6-43cd-99b2-f3127f3fcfe9","UZB","","697b72ebc910a0874ace5dd8","2026-01-29T14:47:07.919000","2026-01-29T14:47:07.919000","697b18d70b1739675ee7f599","veselin@tidisolutions.rs","false"
"default-tenant","Ukraine","","UA","true","f48c512f-7048-4ec4-9a61-9a9afa30203e","UKR","","697b72ebc910a0874ace5dd9","2026-01-29T14:47:07.919000","2026-01-29T14:47:07.919000","697b18d70b1739675ee7f599","veselin@tidisolutions.rs","false"
"default-tenant","Viet Nam","","VN","true","0d2bfbfd-06d1-4ae4-8e4b-e537ba40cb78","VNM","","697b72ebc910a0874ace5dda","2026-01-29T14:47:07.919000","2026-01-29T14:47:07.919000","697b18d70b1739675ee7f599","veselin@tidisolutions.rs","false"
"default-tenant","Zimbabwe","","ZW","true","9c49ee78-47d0-4f77-b535-717311f0f84f","ZWE","","697b72ebc910a0874ace5ddb","2026-01-29T14:47:07.919000","2026-01-29T14:47:07.919000","697b18d70b1739675ee7f599","veselin@tidisolutions.rs","false"
"default-tenant","Venezuela, Bolivarian Republic of","","VE","true","c6c6e836-11d5-4246-9045-b82c72c6dda7","VEN","","697b72ebc910a0874ace5ddc","2026-01-29T14:47:07.919000","2026-01-29T14:47:07.919000","697b18d70b1739675ee7f599","veselin@tidisolutions.rs","false"
"default-tenant","Trinidad and Tobago","","TT","true","88ac580d-e363-4e8b-bd62-6202f0366c13","TTO","","697b72ebc910a0874ace5ddd","2026-01-29T14:47:07.919000","2026-01-29T14:47:07.919000","697b18d70b1739675ee7f599","veselin@tidisolutions.rs","false"
"default-tenant","Wallis and Futuna","","WF","true","aeebb93f-45db-4aba-94d8-8c82eeb458e8","WLF","","697b72ebc910a0874ace5dde","2026-01-29T14:47:07.919000","2026-01-29T14:47:07.919000","697b18d70b1739675ee7f599","veselin@tidisolutions.rs","false"
"default-tenant","Tanzania, United Republic of","","TZ","true","e7191bc0-19e4-43e7-b475-232d13f67618","TZA","","697b72ebc910a0874ace5ddf","2026-01-29T14:47:07.919000","2026-01-29T14:47:07.919000","697b18d70b1739675ee7f599","veselin@tidisolutions.rs","false"
"default-tenant","South Africa","","ZA","true","88b88ae7-7ff3-448a-b7ce-4e83a2a46a4d","ZAF","","697b72ebc910a0874ace5de0","2026-01-29T14:47:07.919000","2026-01-29T14:47:07.919000","697b18d70b1739675ee7f599","veselin@tidisolutions.rs","false"
"default-tenant","Taiwan, Province of China","","TW","true","0fe113cb-53f8-4a05-8074-19fc1a55042c","TWN","","697b72ebc910a0874ace5de1","2026-01-29T14:47:07.919000","2026-01-29T14:47:07.919000","697b18d70b1739675ee7f599","veselin@tidisolutions.rs","false"