notes,countryPublicId,operation_type,contact_phone,isArchived,timezone,approach_channel_depth,latitude,terminalComplexPublicId,description,terminal_type_public_id,isActive,countryId,operator,contact_email,legacyCountryCode,pilotage_required,capacity_mtpa,number_of_tanks,sitePublicId,archivedReason,longitude,website,storage_capacity,loading_rate,formsNotes,tugs_available,productTypeRefPublicId,archivedAt,productTypeRefId,port,legacyCountryName,tenantId,name,procedureNotes,siteId,terminal_type_id,terminalComplexId,publicId,status,id,created_date,updated_date,created_by_id,created_by,is_sample
"","550e8400-e29b-41d4-a716-446655440004","Import","+31 (0)181 799 000","false","UTC+1","","51.971111","","","","true","6953a6fd33c70a0c53172815","","info@gateterminal.com","","false","","","","","4.068889","www.gateterminal.com/en/gate-terminal/","","","","false","4a7daa89-ff50-4138-871c-e714924e1cc6","","695d8e3cb5307c17c017c81c","Gate","Netherlands","default-tenant","Gate LNG","","","LNG","","7c98b593-66b9-4602-848c-8b06397da5d0","Operational","697b3beb704acf2a3aef53da","2026-01-29T10:52:27.869000","2026-01-29T10:52:27.869000","697b18d70b1739675ee7f599","veselin@tidisolutions.rs","false"
"","7b804711-06ca-45f4-a652-e966c22b1126","Export","+675 309 7111","false","UTC+10","","-9.33862","","","","true","6953a8d314d9fb17da981894","","","","false","","","","","147.01825","www.pnglng.com/","","","","false","4a7daa89-ff50-4138-871c-e714924e1cc6","","695d8e3cb5307c17c017c81c","PNG","Papua New Guinea","default-tenant","PNG LNG","","","LNG","","88d4d5ca-1abb-413f-bb27-d4da1dcfe69d","Operational","697b3beb704acf2a3aef53db","2026-01-29T10:52:27.869000","2026-01-29T10:52:27.869000","697b18d70b1739675ee7f599","veselin@tidisolutions.rs","false"
"","ef6c416e-c9b8-4098-8f96-df3f0e6c6fa5","Import","","false","UTC-8","","31.988557","","","","true","6953a8d314d9fb17da981870","","","","false","","","","","-116.846466","www.energiacostaazul.com.mx/","","","","false","4a7daa89-ff50-4138-871c-e714924e1cc6","","695d8e3cb5307c17c017c81c","Energia Costa Azul","Mexico","default-tenant","Energia Costa Azul LNG","","","LNG","","3229740b-6b56-479b-be65-5a48f46bc089","Operational","697b3beb704acf2a3aef53dc","2026-01-29T10:52:27.869000","2026-01-29T10:52:27.869000","697b18d70b1739675ee7f599","veselin@tidisolutions.rs","false"
"","369dadf3-ee56-40fe-96d8-0f77997bdce3","Export","","false","UTC+1","","0","","","","true","6953a8d314d9fb17da981885","","","","false","","","","","0","","","","","false","4a7daa89-ff50-4138-871c-e714924e1cc6","","695d8e3cb5307c17c017c81c","NLNG","Nigeria","default-tenant","Bonny (NLNG)","","","NLNG","","317165f1-2d15-4c2c-b8c2-ab3cad6589a3","Operational","697b3beb704acf2a3aef53dd","2026-01-29T10:52:27.869000","2026-01-29T10:52:27.869000","697b18d70b1739675ee7f599","veselin@tidisolutions.rs","false"
"","2e8d4609-fd52-437c-85c0-c0eb00e6fc34","Import","","false","UTC+1","","53.909167","","","","true","6953a8d314d9fb17da981895","","","","false","","","","","14.294722","www.gaz-system.pl/en/terminal-lng.html","","","","false","4a7daa89-ff50-4138-871c-e714924e1cc6","","695d8e3cb5307c17c017c81c","Swinoujscie","Poland","default-tenant","President Lech Kaczynski's LNG Terminal","","","LNG","","c9b0279e-9b77-4d2b-9895-7444b3393f25","Operational","697b3beb704acf2a3aef53de","2026-01-29T10:52:27.869000","2026-01-29T10:52:27.869000","697b18d70b1739675ee7f599","veselin@tidisolutions.rs","false"
"","60716f8c-21d8-48c4-89c6-cf79fac2b542","Export","+968 24 609999","false","UTC+4","","22.6586","","","","true","6953a8d314d9fb17da98188d","","","","false","","","","","59.40748","","","","","false","4a7daa89-ff50-4138-871c-e714924e1cc6","","695d8e3cb5307c17c017c81c","Qalhat","Oman","default-tenant","Qalhat","","","LNG","","3c72996e-0628-4c4c-ba95-181e69f9389d","Operational","697b3beb704acf2a3aef53df","2026-01-29T10:52:27.869000","2026-01-29T10:52:27.869000","697b18d70b1739675ee7f599","veselin@tidisolutions.rs","false"
"","1c18f788-d487-470b-900d-7821fde17d1c","Import","","false","UTC+8","","2.2444375","","","","true","6953a8d314d9fb17da98187f","Petroliam Nasional","pgb.marketing@petronas.com","","false","3.8","","","","102.1234396","https://www.petronas.com/pgb/our-business/regasification","","","","false","4a7daa89-ff50-4138-871c-e714924e1cc6","","695d8e3cb5307c17c017c81c","Sungai Udang","Malaysia","default-tenant","Melaka FSRU","","","FSRU","","fbe3cd10-7c3f-46ce-a93c-3ac192ef694e","Operational","697b3beb704acf2a3aef53e0","2026-01-29T10:52:27.869000","2026-01-29T10:52:27.869000","697b18d70b1739675ee7f599","veselin@tidisolutions.rs","false"
"","f84447ae-1b75-40aa-94b2-e8f270612276","Export","","false","UTC+3","","25.9146","","","","true","6953a8d314d9fb17da98189c","","","","false","","","","","51.5564","www.qatarenergylng.qa/english/operations/ras-laffan-industrial-city","","","","false","4a7daa89-ff50-4138-871c-e714924e1cc6","","695d8e3cb5307c17c017c81c","Ras Laffan","Qatar","default-tenant","Ras Laffan","","","LNG","","c57b6321-67b0-4cbf-8689-ec457e650162","Operational","697b3beb704acf2a3aef53e1","2026-01-29T10:52:27.869000","2026-01-29T10:52:27.869000","697b18d70b1739675ee7f599","veselin@tidisolutions.rs","false"
"","2d0409e3-4fed-42cd-82c3-18af9c5889e1","Import","","false","UTC+1","","35.8277","","","","true","6953a8d314d9fb17da981874","Reganosa","","","false","0.5","","","","14.5542","","","","","false","4a7daa89-ff50-4138-871c-e714924e1cc6","","695d8e3cb5307c17c017c81c","Delimara","Malta","default-tenant","Delimara Malta (FSU)","","","FSU","","540d22df-7f52-4094-9468-5ef4545ca672","Operational","697b3beb704acf2a3aef53e2","2026-01-29T10:52:27.869000","2026-01-29T10:52:27.869000","697b18d70b1739675ee7f599","veselin@tidisolutions.rs","false"
"","550e8400-e29b-41d4-a716-446655440006","Export","","false","UTC+1","","70.6854","","","","true","6953a6fd33c70a0c53172817","","","","false","","","","","23.59","","","","","false","4a7daa89-ff50-4138-871c-e714924e1cc6","","695d8e3cb5307c17c017c81c","Hammerfest","Norway","default-tenant","Hammerfest LNG","","","LNG","","6fc7a2a1-1ffd-48a0-96ed-7c964980ea7d","Operational","697b3beb704acf2a3aef53e3","2026-01-29T10:52:27.869000","2026-01-29T10:52:27.869000","697b18d70b1739675ee7f599","veselin@tidisolutions.rs","false"
"","f17b3cff-4d1c-4f12-b71f-e592a25533ea","Import","","false","UTC+8","","22.593039","","","","true","6953a8d314d9fb17da98180d","","","","false","","","","","114.444262","","","","","false","4a7daa89-ff50-4138-871c-e714924e1cc6","","695d8e3cb5307c17c017c81c","Shenzhen Diefu","China","default-tenant","Shenzhen Diefu","","","LNG","","09849ba7-471d-4456-96df-9ce3b895ea97","Operational","697b3beb704acf2a3aef538f","2026-01-29T10:52:27.868000","2026-01-29T10:52:27.868000","697b18d70b1739675ee7f599","veselin@tidisolutions.rs","false"
"","f17b3cff-4d1c-4f12-b71f-e592a25533ea","Import","","false","UTC+8","","22.5796","","","","true","6953a8d314d9fb17da98180d","","","","false","","","","","114.4345","","","","","false","4a7daa89-ff50-4138-871c-e714924e1cc6","","695d8e3cb5307c17c017c81c","Guangdong Dapeng","China","default-tenant","Guangdong Dapeng","","","LNG","","2d464d9b-90fc-48fd-98b9-a5edab0e470b","Operational","697b3beb704acf2a3aef5390","2026-01-29T10:52:27.868000","2026-01-29T10:52:27.868000","697b18d70b1739675ee7f599","veselin@tidisolutions.rs","false"
"","a6ba7235-8ada-4d2c-9006-aa14356a06d6","Import","","false","UTC-4","","18.406993","","","","true","6953a8d314d9fb17da981821","","","","false","","","","","-69.628234","www.aesdominicana.com/en/our-history","","","","false","4a7daa89-ff50-4138-871c-e714924e1cc6","","695d8e3cb5307c17c017c81c","Andres, AES","Dominican Republic","default-tenant","Andres, AES","","","LNG","","3808c5cf-df34-4fcf-a7cd-ca5648b20903","Operational","697b3beb704acf2a3aef5391","2026-01-29T10:52:27.868000","2026-01-29T10:52:27.868000","697b18d70b1739675ee7f599","veselin@tidisolutions.rs","false"
"","b9b4e1da-ba8f-467b-bdb9-77a2fc0a1869","Export","","false","UTC+8","","0.10123","","","","true","6953a8d314d9fb17da981848","","","","false","","","","","117.4701","","","","","false","4a7daa89-ff50-4138-871c-e714924e1cc6","","695d8e3cb5307c17c017c81c","Badak","Indonesia","default-tenant","Bontang","","","LNG","","00de8ca4-2b32-4942-ab2d-349040053152","Operational","697b3beb704acf2a3aef5392","2026-01-29T10:52:27.868000","2026-01-29T10:52:27.868000","697b18d70b1739675ee7f599","veselin@tidisolutions.rs","false"
"","0beb2573-01b7-4cc4-9421-12d57b716321","Import","","false","UTC+1","","51.03361","","","","true","6953a8d314d9fb17da98182d","","","","false","","","","","2.19653","www.fluxys.com/en/about-us/dunkerque-lng","","","","false","4a7daa89-ff50-4138-871c-e714924e1cc6","","695d8e3cb5307c17c017c81c","Dunkerque","France","default-tenant","Dunkerque LNG","","","LNG","","be462ee2-daa8-43be-a317-826423ea393f","Operational","697b3beb704acf2a3aef5393","2026-01-29T10:52:27.868000","2026-01-29T10:52:27.868000","697b18d70b1739675ee7f599","veselin@tidisolutions.rs","false"
"","8f6610aa-a395-4935-a180-4b09d2916fe1","Import","","false","UTC+5","","17.54","","","","true","6953a8d314d9fb17da98184a","","","","false","","","","","73.16","","","","","false","4a7daa89-ff50-4138-871c-e714924e1cc6","","695d8e3cb5307c17c017c81c","Dabhol","India","default-tenant","Dabhol","","","LNG","","76e76d11-c34b-4223-b737-1df400e1e286","Operational","697b3beb704acf2a3aef5394","2026-01-29T10:52:27.868000","2026-01-29T10:52:27.868000","697b18d70b1739675ee7f599","veselin@tidisolutions.rs","false"
"","c86b763b-8893-4b4d-8c24-5444ed9af411","Import","+39 0586.51941","false","UTC+1","","43.644444","","","","true","6953a8d314d9fb17da981851","","info@oltoffshore.it","","false","","","","","9.988889","www.oltoffshore.it/en/","","","","false","4a7daa89-ff50-4138-871c-e714924e1cc6","","695d8e3cb5307c17c017c81c","Toscana","Italy","default-tenant","Toscana FSRU","","","FSRU","","ecddb6d9-9c52-4009-8be4-167a99c4b3a8","Operational","697b3beb704acf2a3aef5395","2026-01-29T10:52:27.868000","2026-01-29T10:52:27.868000","697b18d70b1739675ee7f599","veselin@tidisolutions.rs","false"
"","4c3fea2c-609e-4cda-b778-f64db14a34e3","Import","","false","UTC+9","","33.9305","","","","true","6953a8d314d9fb17da981855","","","","false","","","","","130.778885","","","","","false","4a7daa89-ff50-4138-871c-e714924e1cc6","","695d8e3cb5307c17c017c81c","Hibiki","Japan","default-tenant","Hibiki LNG","","","LNG","","4aa0026d-a4f1-4157-adbf-540263c073ca","Operational","697b3beb704acf2a3aef5396","2026-01-29T10:52:27.868000","2026-01-29T10:52:27.868000","697b18d70b1739675ee7f599","veselin@tidisolutions.rs","false"
"","f17b3cff-4d1c-4f12-b71f-e592a25533ea","Import","","false","UTC+8","","19.977562","","","","true","6953a8d314d9fb17da98180d","","","","false","","","","","110.057687","","","","","false","4a7daa89-ff50-4138-871c-e714924e1cc6","","695d8e3cb5307c17c017c81c","Hainan","China","default-tenant","Hainan LNG","","","LNG","","672c567e-ae0e-4f06-b00f-3f86e0650d20","Operational","697b3beb704acf2a3aef5397","2026-01-29T10:52:27.868000","2026-01-29T10:52:27.868000","697b18d70b1739675ee7f599","veselin@tidisolutions.rs","false"
"","550e8400-e29b-41d4-a716-446655440001","Export","","false","UTC+4","","25.0310296","","","","true","6953a6fd33c70a0c53172812","","","","false","","","","","55.0667289","","","","","false","4a7daa89-ff50-4138-871c-e714924e1cc6","","695d8e3cb5307c17c017c81c","Jebel Ali","United Arab Emirates","default-tenant","Dubai LNG FSRU (Jebel Ali)","","","FLNG","","d7394b4a-fb34-4e17-b2b3-8962d5cb9b7a","Operational","697b3beb704acf2a3aef5398","2026-01-29T10:52:27.868000","2026-01-29T10:52:27.868000","697b18d70b1739675ee7f599","veselin@tidisolutions.rs","false"
"","4e54e20b-db92-4bd3-8b8e-5a2ba4084d7d","Import","","false","UTC+9","","34.9474","","","","true","6953a8d314d9fb17da98185c","","","","false","","","","","128.4255","","","","","false","4a7daa89-ff50-4138-871c-e714924e1cc6","","695d8e3cb5307c17c017c81c","Tongyeong","South Korea","default-tenant","Tongyeong","","","LNG","","14f7ef8f-9f73-446c-a77b-b1ed8739b757","Operational","697b3beb704acf2a3aef5399","2026-01-29T10:52:27.868000","2026-01-29T10:52:27.868000","697b18d70b1739675ee7f599","veselin@tidisolutions.rs","false"
"","ffb0c037-ea3a-47e0-b828-365dd525953b","Import","","false","UTC+1","","37.17355","","","","true","6953a8d314d9fb17da981827","","","","false","","","","","-6.911","","","","","false","4a7daa89-ff50-4138-871c-e714924e1cc6","","695d8e3cb5307c17c017c81c","Huelva","Spain","default-tenant","Huelva","","","LNG","","78858c80-5afe-4a33-8ea7-3fec6810e28e","Operational","697b3beb704acf2a3aef539a","2026-01-29T10:52:27.868000","2026-01-29T10:52:27.868000","697b18d70b1739675ee7f599","veselin@tidisolutions.rs","false"
"","ffb0c037-ea3a-47e0-b828-365dd525953b","Import","+34 962 699 077","false","UTC+1","","39.6329","","","","true","6953a8d314d9fb17da981827","","saggas@saggas.com","","false","","","","","-0.2152","www.saggas.com/en/","","","","false","4a7daa89-ff50-4138-871c-e714924e1cc6","","695d8e3cb5307c17c017c81c","Sagunto","Spain","default-tenant","Sagunto","","","LNG","","588b0cf5-e75b-40ff-bd3a-260bedd52eb2","Operational","697b3beb704acf2a3aef539b","2026-01-29T10:52:27.868000","2026-01-29T10:52:27.868000","697b18d70b1739675ee7f599","veselin@tidisolutions.rs","false"
"","ffb0c037-ea3a-47e0-b828-365dd525953b","Import","","false","UTC+1","","41.3394","","","","true","6953a8d314d9fb17da981827","","","","false","","","","","2.1583","www.enagas.es/es/","","","","false","4a7daa89-ff50-4138-871c-e714924e1cc6","","695d8e3cb5307c17c017c81c","Barcelona","Spain","default-tenant","Barcelona","","","LNG","","e014802d-9bed-4ec9-8b6f-2111da5a060f","Operational","697b3beb704acf2a3aef539c","2026-01-29T10:52:27.868000","2026-01-29T10:52:27.868000","697b18d70b1739675ee7f599","veselin@tidisolutions.rs","false"
"","550e8400-e29b-41d4-a716-446655440002","Export","+1 4102865757","false","UTC-5","","38.3913422","","","","true","6953a6fd33c70a0c53172813","","","","false","","","","","-76.4045082","www.bhegts.com/our-businesses/cove-point-LNG","","","","false","4a7daa89-ff50-4138-871c-e714924e1cc6","","695d8e3cb5307c17c017c81c","Cove Point","United States of America","default-tenant","Cove Point LNG","","","LNG","","b0552b30-4bdc-49ef-abd5-1068c851ff0e","Operational","697b3beb704acf2a3aef539d","2026-01-29T10:52:27.868000","2026-01-29T10:52:27.868000","697b18d70b1739675ee7f599","veselin@tidisolutions.rs","false"
"","83d3c6df-a16e-4777-b4e9-e7717cda6ee3","Export","","false","UTC+8","","-20.79","","","","true","6953a8d314d9fb17da9817f0","","","","false","","","","","115.44965","www.australia.chevron.com/what-we-do/gorgon-project","","","","false","4a7daa89-ff50-4138-871c-e714924e1cc6","","695d8e3cb5307c17c017c81c","Gorgon","Australia","default-tenant","Gorgon LNG","","","LNG","","60283c24-225a-42d1-b9aa-c720659aacd4","Operational","697b3beb704acf2a3aef539e","2026-01-29T10:52:27.868000","2026-01-29T10:52:27.868000","697b18d70b1739675ee7f599","veselin@tidisolutions.rs","false"
"","83d3c6df-a16e-4777-b4e9-e7717cda6ee3","Export","","false","UTC+8","","-20.6128","","","","true","6953a8d314d9fb17da9817f0","","","","false","","","","","116.76556","www.woodside.com/what-we-do/operations/pluto-lng","","","","false","4a7daa89-ff50-4138-871c-e714924e1cc6","","695d8e3cb5307c17c017c81c","Pluto","Australia","default-tenant","Pluto LNG","","","LNG","","2c60a906-8d89-42d3-8545-af62ab5ece08","Operational","697b3beb704acf2a3aef539f","2026-01-29T10:52:27.868000","2026-01-29T10:52:27.868000","697b18d70b1739675ee7f599","veselin@tidisolutions.rs","false"
"","7adf4e0d-ae6b-4329-956d-449d30095d8d","Import","","false","UTC+3","","38.74443","","","","true","6953a8d314d9fb17da9818c4","","","","false","","","","","26.895665","","","","","false","4a7daa89-ff50-4138-871c-e714924e1cc6","","695d8e3cb5307c17c017c81c","Etki","Turkey","default-tenant","Etki LNG FSRU Terminal","","","FSRU","","d2ef1f6e-68bf-4cfd-aad5-ab04aaf39e57","Operational","697b3beb704acf2a3aef53a0","2026-01-29T10:52:27.868000","2026-01-29T10:52:27.868000","697b18d70b1739675ee7f599","veselin@tidisolutions.rs","false"
"","83d3c6df-a16e-4777-b4e9-e7717cda6ee3","Export","","false","UTC+9","","-12.5221","","","","true","6953a8d314d9fb17da9817f0","","","","false","","","","","130.8663","","","","","false","4a7daa89-ff50-4138-871c-e714924e1cc6","","695d8e3cb5307c17c017c81c","Darwin","Australia","default-tenant","Darwin LNG","","","LNG","","04c8b11a-baf7-4297-8743-c1ed0b0b6c8c","Operational","697b3beb704acf2a3aef53a1","2026-01-29T10:52:27.868000","2026-01-29T10:52:27.868000","697b18d70b1739675ee7f599","veselin@tidisolutions.rs","false"
"","7adf4e0d-ae6b-4329-956d-449d30095d8d","Import","+90 312 266 0733","false","UTC+3","","40.99201724","","Three main functions of the LNG Terminal, which has a 1,37 million Nm³ per hour gas send out capacity and 3 storage tanks (85.000 m³ capacity for each) are;  LNG Ship unloading The storage of the LNG imported, The dispatching of the regasified LNG to Natural Gas Pipeline from Russian Federation to Turkey at required volumes. Also, LNG can be loaded into the LNG trucks via 3 loading ramps which can be loaded 75 trucks per day in our Terminal since 2002.","","true","6953a8d314d9fb17da9818c4","Botas","info@botas.gov.tr","","false","","","","","27.98607026","www.botas.gov.tr","","","","false","4a7daa89-ff50-4138-871c-e714924e1cc6","","695d8e3cb5307c17c017c81c","Marmara Ereglisi","Turkey","default-tenant","Botas LNG","","","LNG","","7655a68e-91b4-498f-97ec-746a15299020","Operational","697b3beb704acf2a3aef53a2","2026-01-29T10:52:27.868000","2026-01-29T10:52:27.868000","697b18d70b1739675ee7f599","veselin@tidisolutions.rs","false"
"","dddd0645-30fb-4c05-b1ff-b89f4ee6278b","Export","","false","UTC+3","","13.9812","","","","true","6953a8d314d9fb17da9818d7","","","","false","","","","","48.18115","www.yemenlng.com/ws/en/home.aspx","","","","false","4a7daa89-ff50-4138-871c-e714924e1cc6","","695d8e3cb5307c17c017c81c","Yemen","Yemen","default-tenant","Yemen LNG","","","LNG","","f8aa3780-f7ea-4d38-96d1-5cb93783b9d8","Operational","697b3beb704acf2a3aef53a3","2026-01-29T10:52:27.868000","2026-01-29T10:52:27.868000","697b18d70b1739675ee7f599","veselin@tidisolutions.rs","false"
"","550e8400-e29b-41d4-a716-446655440002","Export","+1 3375697700","false","UTC-6","","29.75409666","","","","true","6953a6fd33c70a0c53172813","","","","false","","","","","-93.87405115","www.cheniere.com/where-we-work/sabine-pass","","","","false","4a7daa89-ff50-4138-871c-e714924e1cc6","","695d8e3cb5307c17c017c81c","Sabine Pass","United States of America","default-tenant","Sabine Pass LNG","","","LNG","","3839a2eb-89c4-4077-a814-aa36e40b2100","Operational","697b3beb704acf2a3aef53a4","2026-01-29T10:52:27.868000","2026-01-29T10:52:27.868000","697b18d70b1739675ee7f599","veselin@tidisolutions.rs","false"
"","548a334b-9cd0-42f6-898a-248ab5a45663","Export","+7 495 7750480","false","UTC+5","","71.2656586","","","","true","6953a8d314d9fb17da98189f","","","","false","","","","","72.0446648","www.yamallng.ru/","","","","false","4a7daa89-ff50-4138-871c-e714924e1cc6","","695d8e3cb5307c17c017c81c","Yamal","Russia","default-tenant","Yamal","","","LNG","","0ca8baf7-4fe8-495b-99f1-ad4873642c30","Operational","697b3beb704acf2a3aef53a5","2026-01-29T10:52:27.868000","2026-01-29T10:52:27.868000","697b18d70b1739675ee7f599","veselin@tidisolutions.rs","false"
"","83d3c6df-a16e-4777-b4e9-e7717cda6ee3","Export","","false","UTC+10","","-23.776","","","","true","6953a8d314d9fb17da9817f0","","","","false","","","","","151.2103","","","","","false","4a7daa89-ff50-4138-871c-e714924e1cc6","","695d8e3cb5307c17c017c81c","Gladstone","Australia","default-tenant","Gladstone LNG","","","LNG","","1c7e8a6d-a2c2-4dcf-a836-dc158d4be23c","Operational","697b3beb704acf2a3aef53a6","2026-01-29T10:52:27.868000","2026-01-29T10:52:27.868000","697b18d70b1739675ee7f599","veselin@tidisolutions.rs","false"
"","83d3c6df-a16e-4777-b4e9-e7717cda6ee3","Export","","false","UTC+10","","-23.75583","","","","true","6953a8d314d9fb17da9817f0","","","","false","","","","","151.19061","www.aplng.com.au/","","","","false","4a7daa89-ff50-4138-871c-e714924e1cc6","","695d8e3cb5307c17c017c81c","Australia Pacific","Australia","default-tenant","Australia Pacific LNG","","","LNG","","eaa06ec9-0b87-4d27-868b-60b2745835c1","Operational","697b3beb704acf2a3aef53a7","2026-01-29T10:52:27.868000","2026-01-29T10:52:27.868000","697b18d70b1739675ee7f599","veselin@tidisolutions.rs","false"
"","5b976829-ca81-4491-a447-04a7f8495e96","Import","","false","UTC-3","","-12.785422","","","","true","6953a8d314d9fb17da981802","","","","false","","","","","-38.703511","","","","","false","4a7daa89-ff50-4138-871c-e714924e1cc6","","695d8e3cb5307c17c017c81c","Bahia (TRBA )","Brazil","default-tenant","Bahia LNG (TRBA FSRU)","","","TRBA FSRU","","9f7f1718-e3ef-4b3f-8ffe-7c58693d0714","Operational","697b3beb704acf2a3aef53a8","2026-01-29T10:52:27.868000","2026-01-29T10:52:27.868000","697b18d70b1739675ee7f599","veselin@tidisolutions.rs","false"
"","83d3c6df-a16e-4777-b4e9-e7717cda6ee3","Export","","false","UTC+8","","-15.2539252","","","","true","6953a8d314d9fb17da9817f0","","","","false","","","","","123.5381736","www.shell.com.au/about-us/projects-and-locations/prelude-flng-facility/prelude-overview.html","","","","false","4a7daa89-ff50-4138-871c-e714924e1cc6","","695d8e3cb5307c17c017c81c","Prelude","Australia","default-tenant","Prelude FLNG","","","FLNG","","92a415f0-9b15-4779-8bab-88cc69fd17df","Operational","697b3beb704acf2a3aef53a9","2026-01-29T10:52:27.868000","2026-01-29T10:52:27.868000","697b18d70b1739675ee7f599","veselin@tidisolutions.rs","false"
"","ffb0c037-ea3a-47e0-b828-365dd525953b","Import","","false","UTC+1","","37.57457","","","","true","6953a8d314d9fb17da981827","","","","false","","","","","-0.9595","","","","","false","4a7daa89-ff50-4138-871c-e714924e1cc6","","695d8e3cb5307c17c017c81c","Cartagena","Spain","default-tenant","Cartagena LNG","","","LNG","","fb003ac4-5f57-41ef-b367-7f2e4c0cbe50","Operational","697b3beb704acf2a3aef53aa","2026-01-29T10:52:27.868000","2026-01-29T10:52:27.868000","697b18d70b1739675ee7f599","veselin@tidisolutions.rs","false"
"","0fe113cb-53f8-4a05-8074-19fc1a55042c","Import","'+886 4 2638 0739","false","UTC+8","","24.25304","","","","true","6953a8d314d9fb17da9818c6","","","","false","","","","","120.49586","","","","","false","4a7daa89-ff50-4138-871c-e714924e1cc6","","695d8e3cb5307c17c017c81c","Taichung","Taiwan","default-tenant","Taichung","","","LNG","","3ec96893-cd25-4cf8-a0a6-7d76b19284d0","Operational","697b3beb704acf2a3aef53ab","2026-01-29T10:52:27.868000","2026-01-29T10:52:27.868000","697b18d70b1739675ee7f599","veselin@tidisolutions.rs","false"
"","ffb0c037-ea3a-47e0-b828-365dd525953b","Import","","false","UTC+1","","43.3612","","","","true","6953a8d314d9fb17da981827","","","","false","","","","","-3.09473","","","","","false","4a7daa89-ff50-4138-871c-e714924e1cc6","","695d8e3cb5307c17c017c81c","Bilbao","Spain","default-tenant","Bilbao LNG (Bahia de Bizkaia Gas Terminal)","","","LNG","","33e7e8c7-bad4-4db0-9e7d-4b67b48172a2","Operational","697b3beb704acf2a3aef53ac","2026-01-29T10:52:27.868000","2026-01-29T10:52:27.868000","697b18d70b1739675ee7f599","veselin@tidisolutions.rs","false"
"","550e8400-e29b-41d4-a716-446655440002","Export","+1 7133246800","false","UTC-6","","29.761394","","","","true","6953a6fd33c70a0c53172813","","","","false","","","","","-93.919418","www.goldenpasslng.com/","","","","false","4a7daa89-ff50-4138-871c-e714924e1cc6","","695d8e3cb5307c17c017c81c","Golden Pass","United States of America","default-tenant","Golden Pass LNG","","","LNG","","9b7ab2b5-fc90-4df6-a03c-7a24c953ceb4","Operational","697b3beb704acf2a3aef53ad","2026-01-29T10:52:27.868000","2026-01-29T10:52:27.868000","697b18d70b1739675ee7f599","veselin@tidisolutions.rs","false"
"","550e8400-e29b-41d4-a716-446655440005","Import","+65 6376 7856","false","UTC+8","","1.23616","","","","true","6953a6fd33c70a0c53172816","","","","false","","","","","103.67135","www.slng.com.sg/","","","","false","4a7daa89-ff50-4138-871c-e714924e1cc6","","695d8e3cb5307c17c017c81c","Singapore","Singapore","default-tenant","Singapore LNG","","","LNG","","8686423f-3767-4fdd-86be-158e2ec36e80","Operational","697b3beb704acf2a3aef53ae","2026-01-29T10:52:27.868000","2026-01-29T10:52:27.868000","697b18d70b1739675ee7f599","veselin@tidisolutions.rs","false"
"","83d3c6df-a16e-4777-b4e9-e7717cda6ee3","Export","","false","UTC+8","","-21.6978845","","","","true","6953a8d314d9fb17da9817f0","","","","false","","","","","115.001141","www.australia.chevron.com/what-we-do/wheatstone-project","","","","false","4a7daa89-ff50-4138-871c-e714924e1cc6","","695d8e3cb5307c17c017c81c","Wheatstone","Australia","default-tenant","Wheatstone LNG","","","LNG","","5c04b442-7f6b-46eb-bdf2-04f8fa390b68","Operational","697b3beb704acf2a3aef53af","2026-01-29T10:52:27.868000","2026-01-29T10:52:27.868000","697b18d70b1739675ee7f599","veselin@tidisolutions.rs","false"
"","548a334b-9cd0-42f6-898a-248ab5a45663","Export","","false","UTC+10","","46.6288","","","","true","6953a8d314d9fb17da98189f","","","","false","","","","","142.9112","www.sakhalinenergy.ru/en/company/assets/prigorodnoye/","","","","false","4a7daa89-ff50-4138-871c-e714924e1cc6","","695d8e3cb5307c17c017c81c","Prigorodnoye","Russia","default-tenant","Sakhalin","","","LNG","","9487a383-8397-4adc-aca9-154307af1cdc","Operational","697b3beb704acf2a3aef53b0","2026-01-29T10:52:27.868000","2026-01-29T10:52:27.868000","697b18d70b1739675ee7f599","veselin@tidisolutions.rs","false"
"","550e8400-e29b-41d4-a716-446655440002","Export","+1 3619771000","false","UTC-6","","27.913542","","","","true","6953a6fd33c70a0c53172813","","","","false","","","","","-97.286562","www.portofcc.com/tag/lng/","","","","false","4a7daa89-ff50-4138-871c-e714924e1cc6","","695d8e3cb5307c17c017c81c","Corpus Christi","United States of America","default-tenant","Corpus Christi LNG","","","LNG","","862affe6-302c-465e-8e1f-aae4ed0d0946","Operational","697b3beb704acf2a3aef53b1","2026-01-29T10:52:27.868000","2026-01-29T10:52:27.868000","697b18d70b1739675ee7f599","veselin@tidisolutions.rs","false"
"","4e54e20b-db92-4bd3-8b8e-5a2ba4084d7d","Import","316803220","false","UTC+9","","37.0057","","","","true","6953a8d314d9fb17da98185c","","","","false","","","","","126.7841","","","","","false","4a7daa89-ff50-4138-871c-e714924e1cc6","","695d8e3cb5307c17c017c81c","Pyeongtaek","South Korea","default-tenant","Pyeongtaek","","","LNG","","28b5716f-1a1e-477f-acdd-953b7dbe7879","Operational","697b3beb704acf2a3aef53b2","2026-01-29T10:52:27.868000","2026-01-29T10:52:27.868000","697b18d70b1739675ee7f599","veselin@tidisolutions.rs","false"
"","ffb0c037-ea3a-47e0-b828-365dd525953b","Import","(+34) 981 930 093","false","UTC+1","","43.4613","","","","true","6953a8d314d9fb17da981827","","reganosa@reganosa.com","","false","","","","","-8.2395","www.reganosa.com/en/mugardos-lng-terminal-third-most-used-spanish-system","","","","false","4a7daa89-ff50-4138-871c-e714924e1cc6","","695d8e3cb5307c17c017c81c","Reganosa","Spain","default-tenant","Mugardos (Reganosa)","","","LNG","","11360bdf-7811-4d10-b32b-6652c2340a03","Operational","697b3beb704acf2a3aef53b3","2026-01-29T10:52:27.868000","2026-01-29T10:52:27.868000","697b18d70b1739675ee7f599","veselin@tidisolutions.rs","false"
"","550e8400-e29b-41d4-a716-446655440002","Export","","false","UTC-6","","28.932003","","","","true","6953a6fd33c70a0c53172813","","","","false","","","","","-95.317355","www.freeportlng.com/","","","","false","4a7daa89-ff50-4138-871c-e714924e1cc6","","695d8e3cb5307c17c017c81c","Freeport","United States of America","default-tenant","Freeport LNG","","","LNG","","2104ee10-43dd-4702-a2ae-14b215f55f11","Operational","697b3beb704acf2a3aef53b4","2026-01-29T10:52:27.868000","2026-01-29T10:52:27.868000","697b18d70b1739675ee7f599","veselin@tidisolutions.rs","false"
"","4e54e20b-db92-4bd3-8b8e-5a2ba4084d7d","Import","","false","UTC+9","","37.1683","","","","true","6953a8d314d9fb17da98185c","","","","false","","","","","129.3502","","","","","false","4a7daa89-ff50-4138-871c-e714924e1cc6","","695d8e3cb5307c17c017c81c","Samcheok","South Korea","default-tenant","Samcheok LNG","","","LNG","","cfecae2f-bc4a-449d-ae95-c4bb9b7ba8ab","Operational","697b3beb704acf2a3aef53b5","2026-01-29T10:52:27.868000","2026-01-29T10:52:27.868000","697b18d70b1739675ee7f599","veselin@tidisolutions.rs","false"
"","8a593d99-c9ae-4cfa-9a14-e190601e8fe3","Import","","false","UTC-4","","45.2114","","","","true","6953a8d314d9fb17da981809","","","","false","","","","","-65.978","www.saintjohnlng.com/","","","","false","4a7daa89-ff50-4138-871c-e714924e1cc6","","695d8e3cb5307c17c017c81c","Saint John","Canada","default-tenant","Saint John LNG","","","LNG","","743cf559-ca82-4a32-9107-c7f7d34a9d34","Operational","697b3beb704acf2a3aef53b6","2026-01-29T10:52:27.868000","2026-01-29T10:52:27.868000","697b18d70b1739675ee7f599","veselin@tidisolutions.rs","false"
"","56f5d3bf-df77-4b14-813c-2c0feb2c0927","Import","","false","UTC+7","","12.6791481","","","","true","6953a8d314d9fb17da9818bc","","","","false","","","","","101.1178382","","","","","false","4a7daa89-ff50-4138-871c-e714924e1cc6","","695d8e3cb5307c17c017c81c","Map Ta Phut","Thailand","default-tenant","Map Ta Phut LNG","","","LNG","","9e2db33f-05cf-43c2-944d-41ccbabaa12c","Operational","697b3beb704acf2a3aef53b7","2026-01-29T10:52:27.868000","2026-01-29T10:52:27.868000","697b18d70b1739675ee7f599","veselin@tidisolutions.rs","false"
"","4e54e20b-db92-4bd3-8b8e-5a2ba4084d7d","Import","","false","UTC+9","","34.8895","","","","true","6953a8d314d9fb17da98185c","","","","false","","","","","127.7747","","","","","false","4a7daa89-ff50-4138-871c-e714924e1cc6","","695d8e3cb5307c17c017c81c","Gwangyang","South Korea","default-tenant","Gwangyang","","","LNG","","a41f3bec-99ad-4d01-90b4-e152a76c7047","Operational","697b3beb704acf2a3aef53b8","2026-01-29T10:52:27.868000","2026-01-29T10:52:27.868000","697b18d70b1739675ee7f599","veselin@tidisolutions.rs","false"
"","550e8400-e29b-41d4-a716-446655440001","Import","+971 2 7070000","false","UTC+4","","24.14836","","","","true","6953a6fd33c70a0c53172812","","","","false","","","","","52.73879","www.adnoc.ae/en/our-projects/ruwais-lng","","","","false","4a7daa89-ff50-4138-871c-e714924e1cc6","","695d8e3cb5307c17c017c81c","Ruwais ()","United Arab Emirates","default-tenant","Ruwais LNG (FSRU)","","","FSRU","","2a70eb63-1286-44a8-b07a-cfd94665c056","Operational","697b3beb704acf2a3aef53b9","2026-01-29T10:52:27.868000","2026-01-29T10:52:27.868000","697b18d70b1739675ee7f599","veselin@tidisolutions.rs","false"
"","0fe113cb-53f8-4a05-8074-19fc1a55042c","Import","","false","UTC+8","","22.80928","","","","true","6953a8d314d9fb17da9818c6","","","","false","","","","","120.2054","","","","","false","4a7daa89-ff50-4138-871c-e714924e1cc6","","695d8e3cb5307c17c017c81c","Yung-An","Taiwan","default-tenant","Yung-An","","","LNG","","e1aa263a-9a3c-46ed-b368-2894d9b81a95","Operational","697b3beb704acf2a3aef53ba","2026-01-29T10:52:27.868000","2026-01-29T10:52:27.868000","697b18d70b1739675ee7f599","veselin@tidisolutions.rs","false"
"","7adf4e0d-ae6b-4329-956d-449d30095d8d","Import","+90 232 618 20 70","false","UTC+3","","38.82245489","","","","true","6953a8d314d9fb17da9818c4","","","","false","","","","","26.91411088","www.egegaz.com.tr/","","","","false","4a7daa89-ff50-4138-871c-e714924e1cc6","","695d8e3cb5307c17c017c81c","Aliaga","Turkey","default-tenant","Aliaga","","","LNG","","ce136e0e-3c1b-4d88-872c-633330b8ef5d","Operational","697b3beb704acf2a3aef53bb","2026-01-29T10:52:27.868000","2026-01-29T10:52:27.868000","697b18d70b1739675ee7f599","veselin@tidisolutions.rs","false"
"","550e8400-e29b-41d4-a716-446655440003","Import","+44 20 7004 3000","false","UTC+0","","51.45107","","","","true","6953a6fd33c70a0c53172814","","","","false","","","","","0.67987","","","","","false","4a7daa89-ff50-4138-871c-e714924e1cc6","","695d8e3cb5307c17c017c81c","Grain","United Kingdom","default-tenant","Grain LNG","","","LNG","","68b7c4bc-befc-4564-98c9-d9e9e524ec29","Operational","697b3beb704acf2a3aef53bc","2026-01-29T10:52:27.868000","2026-01-29T10:52:27.868000","697b18d70b1739675ee7f599","veselin@tidisolutions.rs","false"
"","5b976829-ca81-4491-a447-04a7f8495e96","Import","","false","UTC-3","","-12.785422","","","","true","6953a8d314d9fb17da981802","","","","false","","","","","-38.703511","","","","","false","4a7daa89-ff50-4138-871c-e714924e1cc6","","695d8e3cb5307c17c017c81c","Pecem ()","Brazil","default-tenant","Pecem (FSRU)","","","FSRU","","b6999c07-dc43-4005-a3e7-911233d02401","Operational","697b3beb704acf2a3aef53bd","2026-01-29T10:52:27.868000","2026-01-29T10:52:27.868000","697b18d70b1739675ee7f599","veselin@tidisolutions.rs","false"
"","f17b3cff-4d1c-4f12-b71f-e592a25533ea","Import","","false","UTC+8","","21.499546","","","","true","6953a8d314d9fb17da98180d","","","","false","","","","","109.524152","","","","","false","4a7daa89-ff50-4138-871c-e714924e1cc6","","695d8e3cb5307c17c017c81c","Beihai","China","default-tenant","Beihai LNG","","","LNG","","bd4f8faf-c96e-42a0-93df-8f5325f8dc9d","Operational","697b3beb704acf2a3aef53be","2026-01-29T10:52:27.868000","2026-01-29T10:52:27.868000","697b18d70b1739675ee7f599","veselin@tidisolutions.rs","false"
"","5b976829-ca81-4491-a447-04a7f8495e96","Export","","false","UTC-3","","-22.782922","","","","true","6953a8d314d9fb17da981802","","","","false","","","","","-43.131995","","","","","false","4a7daa89-ff50-4138-871c-e714924e1cc6","","695d8e3cb5307c17c017c81c","Guanabara Bay ()","Brazil","default-tenant","Guanabara Bay LNG (FSRU)","","","FLNG","","71563c46-3471-40a5-92a0-e1e7f7bb1e0f","Operational","697b3beb704acf2a3aef53bf","2026-01-29T10:52:27.868000","2026-01-29T10:52:27.868000","697b18d70b1739675ee7f599","veselin@tidisolutions.rs","false"
"","4e6a03e0-215d-450a-857a-593219b382d8","Export","","false","UTC+6","","21.608081","","","","true","6953a8d314d9fb17da9817f8","","","","false","","","","","91.825979","www.excelerateenergy.com/projects/moheshkhali-floating-lng/","","","","false","4a7daa89-ff50-4138-871c-e714924e1cc6","","695d8e3cb5307c17c017c81c","Moheshkhali","Bangladesh","default-tenant","Moheshkhali FSRU","","","FLNG","","280967a4-82d4-4953-87af-ff247ca85246","Operational","697b3beb704acf2a3aef53c0","2026-01-29T10:52:27.868000","2026-01-29T10:52:27.868000","697b18d70b1739675ee7f599","veselin@tidisolutions.rs","false"
"","550e8400-e29b-41d4-a716-446655440002","Export","","false","UTC-6","","30.120416","","","","true","6953a6fd33c70a0c53172813","","","","false","","","","","-93.287833","www.energytransferlng.com/","","","","false","4a7daa89-ff50-4138-871c-e714924e1cc6","","695d8e3cb5307c17c017c81c","Lake Charles","United States of America","default-tenant","Lake Charles","","","LNG","","386f9cc4-d534-4e52-a693-01f7a8d6177e","Operational","697b3beb704acf2a3aef53c1","2026-01-29T10:52:27.868000","2026-01-29T10:52:27.868000","697b18d70b1739675ee7f599","veselin@tidisolutions.rs","false"
"","83d3c6df-a16e-4777-b4e9-e7717cda6ee3","Export","","false","UTC+8","","-17.961944","","","","true","6953a8d314d9fb17da9817f0","","","","false","","","","","122.236111","www.inpex.com.au/projects/ichthys-lng/","","","","false","4a7daa89-ff50-4138-871c-e714924e1cc6","","695d8e3cb5307c17c017c81c","Ichthys","Australia","default-tenant","Ichthys LNG","","","FLNG","","8b7780c8-f5d1-45ec-b693-948c087275c4","Operational","697b3beb704acf2a3aef53c2","2026-01-29T10:52:27.868000","2026-01-29T10:52:27.868000","697b18d70b1739675ee7f599","veselin@tidisolutions.rs","false"
"","1c18f788-d487-470b-900d-7821fde17d1c","Import","+673 323 6901","false","UTC+8","","4.240434","","","","true","6953a8d314d9fb17da98187f","","","","false","","","","","100.603086","www.bruneilng.com/","","","","false","4a7daa89-ff50-4138-871c-e714924e1cc6","","695d8e3cb5307c17c017c81c","Lumut","Malaysia","default-tenant","Lumut","","","LNG","","fa603fa5-75e2-4f92-b4a8-34507bf40471","Operational","697b3beb704acf2a3aef53c3","2026-01-29T10:52:27.868000","2026-01-29T10:52:27.868000","697b18d70b1739675ee7f599","veselin@tidisolutions.rs","false"
"","90ce74d1-5429-4fb3-8a9f-2165b3782bdb","","+ 32 2 282 79 99","false","UTC+1","","51.353","","","","true","6953a8d314d9fb17da9817f4","","info.LNG@fluxys.com","","false","","","","","3.22241","www.fluxys.com/en/about-us/zeebrugge-lng","","","","false","4a7daa89-ff50-4138-871c-e714924e1cc6","","695d8e3cb5307c17c017c81c","Zeebrugge","Belgium","default-tenant","Zeebrugge","","","LNG","","66c201f7-df88-47b1-9af0-d5f59be1fe27","Operational","697b3beb704acf2a3aef53c4","2026-01-29T10:52:27.868000","2026-01-29T10:52:27.868000","697b18d70b1739675ee7f599","veselin@tidisolutions.rs","false"
"","550e8400-e29b-41d4-a716-446655440002","Import","","false","UTC-6","","30.322382","","","","true","6953a6fd33c70a0c53172813","","","","false","","","","","-88.503663","","","","","false","4a7daa89-ff50-4138-871c-e714924e1cc6","","695d8e3cb5307c17c017c81c","Pascagoula","United States of America","default-tenant","Gulf LNG (Pascagoula)","","","LNG","","bdf53c25-a8a9-45c4-bb51-d82feef7a96e","Operational","697b3beb704acf2a3aef53c5","2026-01-29T10:52:27.868000","2026-01-29T10:52:27.868000","697b18d70b1739675ee7f599","veselin@tidisolutions.rs","false"
"","550e8400-e29b-41d4-a716-446655440003","Import","+44 1646 691730","false","UTC+0","","51.70453","","","","true","6953a6fd33c70a0c53172814","","","","false","","","","","-4.99774","www.dragonlng.co.uk/","","","","false","4a7daa89-ff50-4138-871c-e714924e1cc6","","695d8e3cb5307c17c017c81c","Milford Haven","United Kingdom","default-tenant","Dragon LNG","","","LNG","","5cd5276e-aea8-4bf3-8475-2b84af4fc5a6","Operational","697b3beb704acf2a3aef53c6","2026-01-29T10:52:27.868000","2026-01-29T10:52:27.868000","697b18d70b1739675ee7f599","veselin@tidisolutions.rs","false"
"","550e8400-e29b-41d4-a716-446655440002","Import","","false","UTC-5","","42.393","","","","true","6953a6fd33c70a0c53172813","","","","false","","","","","-71.064","","","","","false","4a7daa89-ff50-4138-871c-e714924e1cc6","","695d8e3cb5307c17c017c81c","Everett","United States of America","default-tenant","Everett","","","LNG","","a071b296-61ca-440a-9299-619a1f41c8ec","Operational","697b3beb704acf2a3aef53c7","2026-01-29T10:52:27.868000","2026-01-29T10:52:27.868000","697b18d70b1739675ee7f599","veselin@tidisolutions.rs","false"
"","83d3c6df-a16e-4777-b4e9-e7717cda6ee3","Export","","false","UTC-7","","-20.59424","","","","true","6953a8d314d9fb17da9817f0","","","","false","","","","","116.7767","","","","","false","4a7daa89-ff50-4138-871c-e714924e1cc6","","695d8e3cb5307c17c017c81c","Withnell Bay","Australia","default-tenant","Withnell Bay","","","","","f06168d7-0485-40c9-b403-986b13ba418b","Operational","697b3beb704acf2a3aef53c8","2026-01-29T10:52:27.868000","2026-01-29T10:52:27.868000","697b18d70b1739675ee7f599","veselin@tidisolutions.rs","false"
"","4e6a03e0-215d-450a-857a-593219b382d8","Import","","false","UTC+6","","21.55","","","","true","6953a8d314d9fb17da9817f8","","","","false","","","","","91.95","","","","","false","4a7daa89-ff50-4138-871c-e714924e1cc6","","695d8e3cb5307c17c017c81c","Summit ()","Bangladesh","default-tenant","Summit LNG (FSRU)","","","FSRU","","3eb6414d-5a9a-4e47-b18b-feafb4b18cde","Operational","697b3beb704acf2a3aef53c9","2026-01-29T10:52:27.868000","2026-01-29T10:52:27.868000","697b18d70b1739675ee7f599","veselin@tidisolutions.rs","false"
"","4e54e20b-db92-4bd3-8b8e-5a2ba4084d7d","Import","","false","UTC+9","","36.415","","","","true","6953a8d314d9fb17da98185c","","","","false","","","","","126.4947","www.gsenergy.co.kr/english/business_introduction/gas.php","","","","false","4a7daa89-ff50-4138-871c-e714924e1cc6","","695d8e3cb5307c17c017c81c","Boryeong","South Korea","default-tenant","Boryeong","","","LNG","","a6a16444-5db9-4076-ab68-d2b10d76a3d7","Operational","697b3beb704acf2a3aef53ca","2026-01-29T10:52:27.868000","2026-01-29T10:52:27.868000","697b18d70b1739675ee7f599","veselin@tidisolutions.rs","false"
"","550e8400-e29b-41d4-a716-446655440001","Export","+971 2 601 7087","false","UTC+4","","25.1609","","","","true","6953a6fd33c70a0c53172812","","","","false","","","","","52.8766","adnocgas.ae/en/our-operations/lng","","","","false","4a7daa89-ff50-4138-871c-e714924e1cc6","","695d8e3cb5307c17c017c81c","Das Island","United Arab Emirates","default-tenant","Das Island","","","LNG","","a33aef08-e862-4aae-a8a8-e4fc06266b99","Operational","697b3beb704acf2a3aef53cb","2026-01-29T10:52:27.868000","2026-01-29T10:52:27.868000","697b18d70b1739675ee7f599","veselin@tidisolutions.rs","false"
"","7adf4e0d-ae6b-4329-956d-449d30095d8d","Import","+90 312 266 0733","false","UTC+3","","40.636702","","","","true","6953a8d314d9fb17da9818c4","Botas","info@botas.gov.tr","","false","","","","","26.657427","www.botas.gov.tr","","","","false","4a7daa89-ff50-4138-871c-e714924e1cc6","","695d8e3cb5307c17c017c81c","Gulf of Saros","Turkey","default-tenant","Gulf of Saros FSRU (Dortyol FSRU)","","","FSRU","","3226cddd-319b-48a4-a58b-4639f868caa6","Operational","697b3beb704acf2a3aef53cc","2026-01-29T10:52:27.868000","2026-01-29T10:52:27.868000","697b18d70b1739675ee7f599","veselin@tidisolutions.rs","false"
"","4e54e20b-db92-4bd3-8b8e-5a2ba4084d7d","Import","","false","UTC+9","","37.35124","","","","true","6953a8d314d9fb17da98185c","","","","false","","","","","126.602","","","","","false","4a7daa89-ff50-4138-871c-e714924e1cc6","","695d8e3cb5307c17c017c81c","Incheon","South Korea","default-tenant","Incheon","","","LNG","","63fa55b4-c224-4492-8734-6c3164bfffd5","Operational","697b3beb704acf2a3aef53cd","2026-01-29T10:52:27.868000","2026-01-29T10:52:27.868000","697b18d70b1739675ee7f599","veselin@tidisolutions.rs","false"
"","086966b9-2180-4a0e-a9ca-8cf506e4c31e","Import","","false","UTC+1","","2.935","","","","true","6953a8d314d9fb17da98180f","","","","false","","","","","9.91","","","","","false","4a7daa89-ff50-4138-871c-e714924e1cc6","","695d8e3cb5307c17c017c81c","Hilli Episeyo (Cameroon","Cameroon","default-tenant","Hilli Episeyo (Cameroon FLNG) (FSRU)","","","FSRU","","1229a742-c424-42f8-aefe-5561608c104a","Operational","697b3beb704acf2a3aef53ce","2026-01-29T10:52:27.868000","2026-01-29T10:52:27.868000","697b18d70b1739675ee7f599","veselin@tidisolutions.rs","false"
"","83d3c6df-a16e-4777-b4e9-e7717cda6ee3","Export","","false","UTC+10","","-23.7693","","","","true","6953a8d314d9fb17da9817f0","","","","false","","","","","151.199","www.dextragroup.com/queensland-curtis-lng-qclng/","","","","false","4a7daa89-ff50-4138-871c-e714924e1cc6","","695d8e3cb5307c17c017c81c","QCLNG","Australia","default-tenant","Queensland Curtis (QCLNG)","","","QCLNG","","1b96c13f-0fdd-42d9-9dc9-92f8f1c9e44c","Operational","697b3beb704acf2a3aef53cf","2026-01-29T10:52:27.868000","2026-01-29T10:52:27.868000","697b18d70b1739675ee7f599","veselin@tidisolutions.rs","false"
"","f526ff77-96ed-4718-bdd1-58dea31691f0","Import","","false","UTC-4","","-23.058828","","","","true","6953a8d314d9fb17da98180c","","","","false","","","","","-70.366058","","","","","false","4a7daa89-ff50-4138-871c-e714924e1cc6","","695d8e3cb5307c17c017c81c","Mejillones","Chile","default-tenant","Mejillones LNG","","","LNG","","aaeb3685-e30f-42b7-8b3f-fc2d260ad81a","Operational","697b3beb704acf2a3aef53d0","2026-01-29T10:52:27.868000","2026-01-29T10:52:27.868000","697b18d70b1739675ee7f599","veselin@tidisolutions.rs","false"
"","f526ff77-96ed-4718-bdd1-58dea31691f0","Import","+56 32 252 4400","false","UTC-4","","-32.780108","","","","true","6953a8d314d9fb17da98180c","","","","false","","","","","-71.488757","www.gnlquintero.com/en/","","","","false","4a7daa89-ff50-4138-871c-e714924e1cc6","","695d8e3cb5307c17c017c81c","GNL Quintero","Chile","default-tenant","GNL Quintero","","","LNG","","d27d14bd-81e2-4c20-8d90-9f347c865b3d","Operational","697b3beb704acf2a3aef53d1","2026-01-29T10:52:27.868000","2026-01-29T10:52:27.868000","697b18d70b1739675ee7f599","veselin@tidisolutions.rs","false"
"","550e8400-e29b-41d4-a716-446655440002","Export","","false","UTC-5","","32.0891627","","","","true","6953a6fd33c70a0c53172813","","","","false","","","","","-80.997805","","","","","false","4a7daa89-ff50-4138-871c-e714924e1cc6","","695d8e3cb5307c17c017c81c","Elba Island","United States of America","default-tenant","Elba Island","","","LNG","","15b7ae3b-ddd8-4a13-9f94-a705cf5b8723","Operational","697b3beb704acf2a3aef53d2","2026-01-29T10:52:27.868000","2026-01-29T10:52:27.868000","697b18d70b1739675ee7f599","veselin@tidisolutions.rs","false"
"","ef6c416e-c9b8-4098-8f96-df3f0e6c6fa5","Import","+52 833 260 3700","false","UTC-7","","22.494775","","","","true","6953a8d314d9fb17da981870","","","","false","","","","","-97.89468","lngaltamira.com/tla20/","","","","false","4a7daa89-ff50-4138-871c-e714924e1cc6","","695d8e3cb5307c17c017c81c","Altamira","Mexico","default-tenant","Altamira","","","LNG","","7add5adb-90e0-4efa-b8cc-a6b5ad1bf568","Operational","697b3beb704acf2a3aef53d3","2026-01-29T10:52:27.868000","2026-01-29T10:52:27.868000","697b18d70b1739675ee7f599","veselin@tidisolutions.rs","false"
"","2779b569-9ea3-4780-a081-f1822864b242","Import","","false","UTC-5","","9.339968","","","","true","6953a8d314d9fb17da98188f","","","","false","","","","","-79.907761","","","","","false","4a7daa89-ff50-4138-871c-e714924e1cc6","","695d8e3cb5307c17c017c81c","Costa Norte","Panama","default-tenant","Costa Norte LNG","","","LNG","","06a511a6-4c5f-4813-9403-a5d6d31a968c","Operational","697b3beb704acf2a3aef53d4","2026-01-29T10:52:27.868000","2026-01-29T10:52:27.868000","697b18d70b1739675ee7f599","veselin@tidisolutions.rs","false"
"","5cddab71-4c4d-428c-813a-2d496e864ee4","Import","","false","UTC+0","","37.9419","","","","true","6953a8d314d9fb17da981898","","","","false","","","","","-8.8435","","","","","false","4a7daa89-ff50-4138-871c-e714924e1cc6","","695d8e3cb5307c17c017c81c","Sines","Portugal","default-tenant","Sines","","","LNG","","4ef2abd1-efb1-4164-a065-00b6737185b4","Operational","697b3beb704acf2a3aef53d5","2026-01-29T10:52:27.868000","2026-01-29T10:52:27.868000","697b18d70b1739675ee7f599","veselin@tidisolutions.rs","false"
"","41e92ff6-add2-4dd8-848f-5b4d1aeb9c57","Export","","false","UTC-5","","-13.2451","","","","true","6953a8d314d9fb17da981891","","","","false","","","","","-76.297","","","","","false","4a7daa89-ff50-4138-871c-e714924e1cc6","","695d8e3cb5307c17c017c81c","Pampa Melchorita","Peru","default-tenant","Pampa Melchorita","","","LNG","","e470db35-d7f9-4b7f-a577-686452eab71f","Operational","697b3beb704acf2a3aef53d6","2026-01-29T10:52:27.868000","2026-01-29T10:52:27.868000","697b18d70b1739675ee7f599","veselin@tidisolutions.rs","false"
"","06669035-29e1-4957-848b-71b5fa2bb8f5","Import","","false","UTC-4","","17.97725183","","","","true","6953a8d314d9fb17da981896","","","","false","","","","","-66.75803125","","","","","false","4a7daa89-ff50-4138-871c-e714924e1cc6","","695d8e3cb5307c17c017c81c","Penuelas","Puerto Rico","default-tenant","Penuelas","","","LNG","","0fe3eac5-8ce7-43f9-833a-c153f0aefef6","Operational","697b3beb704acf2a3aef53d7","2026-01-29T10:52:27.868000","2026-01-29T10:52:27.868000","697b18d70b1739675ee7f599","veselin@tidisolutions.rs","false"
"","ef6c416e-c9b8-4098-8f96-df3f0e6c6fa5","Import","","false","UTC-7","","19.009915","","","","true","6953a8d314d9fb17da981870","","","","false","3.8","","","","-104.262007","","","","","false","4a7daa89-ff50-4138-871c-e714924e1cc6","","695d8e3cb5307c17c017c81c","Manzanillo","Mexico","default-tenant","Manzanillo LNG Terminal","","","LNG","","130b172e-241b-43b4-9107-3fdeaa1526ba","Operational","697b3beb704acf2a3aef53d8","2026-01-29T10:52:27.868000","2026-01-29T10:52:27.868000","697b18d70b1739675ee7f599","veselin@tidisolutions.rs","false"
"","82278257-6f23-4b06-9c6a-6983be0915b5","Import","","false","UTC+5","","24.7749916","","","","true","6953a8d314d9fb17da98188e","Energas Terminal Pvt Ltd","","","false","5.75","","","","67.288333","","","","","false","4a7daa89-ff50-4138-871c-e714924e1cc6","","695d8e3cb5307c17c017c81c","Port Qasim","Pakistan","default-tenant","Energas FSRU","","","FSRU","","ac8be6fe-4d54-470c-a2d8-6dbe64052e08","Operational","697b3beb704acf2a3aef53d9","2026-01-29T10:52:27.868000","2026-01-29T10:52:27.868000","697b18d70b1739675ee7f599","veselin@tidisolutions.rs","false"
"","c75a5630-d495-4617-9ab5-8fc887fe169b","Import","","false","","","25.15001","","","","true","6953a8d314d9fb17da9817e6","","","","false","","","","","55.15323","","","","","false","4a7daa89-ff50-4138-871c-e714924e1cc6","","695d8e3cb5307c17c017c81c","","","default-tenant","test 4 delete after use","","","","","32e4b1e4-3b1b-4143-acbe-b06c57a2dc12","Operational","697b3beb704acf2a3aef5346","2026-01-29T10:52:27.867000","2026-01-29T10:52:27.867000","697b18d70b1739675ee7f599","veselin@tidisolutions.rs","false"
"","c75a5630-d495-4617-9ab5-8fc887fe169b","Export","","false","","","51.222","","","","true","6953a8d314d9fb17da9817e6","","","","false","","","","","4.448","","","","","false","4a7daa89-ff50-4138-871c-e714924e1cc6","","695d8e3cb5307c17c017c81c","","","default-tenant","Test 3 delete after use","","","","","1178baf9-4fcf-4a78-9ae5-76e884c7c8e7","Operational","697b3beb704acf2a3aef5347","2026-01-29T10:52:27.867000","2026-01-29T10:52:27.867000","697b18d70b1739675ee7f599","veselin@tidisolutions.rs","false"
"","af3d8c9e-75c4-4615-a9e2-2222c1b30075","","","false","","","51.22","","","","true","6953a8d314d9fb17da9817ed","","","","false","","","","","4.454","","","","","false","4a7daa89-ff50-4138-871c-e714924e1cc6","","695d8e3cb5307c17c017c81c","","","default-tenant","Test 2 Terminal to be deleted","","","","","b6d08246-57ba-4f96-b9d5-8dd18a5bc2c3","Operational","697b3beb704acf2a3aef5348","2026-01-29T10:52:27.867000","2026-01-29T10:52:27.867000","697b18d70b1739675ee7f599","veselin@tidisolutions.rs","false"
"","550e8400-e29b-41d4-a716-446655440001","","","false","","","25.09012","","","","true","6953a6fd33c70a0c53172812","","","","false","","","","","55.10116","","","","","false","4a7daa89-ff50-4138-871c-e714924e1cc6","","695d8e3cb5307c17c017c81c","Dubai","","default-tenant","Test Terminals - to be deleted later","","","","","937e8382-8f4d-4772-bf8c-b5be81ae32be","Operational","697b3beb704acf2a3aef5349","2026-01-29T10:52:27.867000","2026-01-29T10:52:27.867000","697b18d70b1739675ee7f599","veselin@tidisolutions.rs","false"
"","","Export","","true","","","28.777","","","","false","","Kuwait National Petroleum Company","","","false","","","","Created duplicate","48.386","","","","","false","4a7daa89-ff50-4138-871c-e714924e1cc6","2026-01-07 11:20:11.628+00","695d8e3cb5307c17c017c81c","Al-Zour","","default-tenant","Al-Zour LNG Terminal","","","","","e8f9a1b2-c3d4-5e6f-7g8h-9i0j1k2l3m4n","Inactive","697b3beb704acf2a3aef534a","2026-01-29T10:52:27.867000","2026-01-29T10:52:27.867000","697b18d70b1739675ee7f599","veselin@tidisolutions.rs","false"
"","69ba5578-75ac-4bf8-8fa2-3fe3d770fb53","Export","","false","UTC+3","","28.7183683","","Al-Zour LNG terminal is located in the Al-Zour region, approximately 90km south of the Kuwait’s capital, Kuwait City, near the border with Saudi Arabia. The project includes a re-gasification facility, eight LNG storage tanks with a capacity of 225,000m³ each, marine facilities including two marine jetties, and berthing facilities for loading. The project also includes other components such as 14 HP pumps, boil-off gas (BOG) and flare facilities. The facility is built to produce approximately 22 million metric tonnes (MMT) of natural gas a year and has a storage capacity of 1.8 million m³ of LNG. The terminal has a liquefaction capacity of 30 billion m3 per day.","","true","6953a8d314d9fb17da98185d","Kuwait National Petroleum Co","","","false","22","","","","48.3973631","","","","","false","4a7daa89-ff50-4138-871c-e714924e1cc6","","695d8e3cb5307c17c017c81c","Al-Zour","","default-tenant","Al Zour LNG","","","","","cd8d1bab-c4b5-4995-8ef6-810429e87617","Operational","697b3beb704acf2a3aef534b","2026-01-29T10:52:27.867000","2026-01-29T10:52:27.867000","697b18d70b1739675ee7f599","veselin@tidisolutions.rs","false"
"","64ba6de8-cced-4f51-9583-258a998bb81b","Import","+962 32047170","false","UTC+2","","29.3752527","","","","true","6953a8d314d9fb17da981854","","ahmad.raziq@stsmarinesolutions.com","","false","","","","","34.9635687","www.adc.jo/project_details.aspx?pro_id=1134","","","","false","4a7daa89-ff50-4138-871c-e714924e1cc6","","695d8e3cb5307c17c017c81c","Al-Sheikh Sabah","Jordan","default-tenant","Aqaba FSRU (Al-Sheikh Sabah)","","","FSRU","","430f4cfd-c4c5-4960-ad8a-49e29fe0430e","Operational","697b3beb704acf2a3aef534c","2026-01-29T10:52:27.867000","2026-01-29T10:52:27.867000","697b18d70b1739675ee7f599","veselin@tidisolutions.rs","false"
"","4c3fea2c-609e-4cda-b778-f64db14a34e3","Import","","false","UTC+9","","33.2707","","","","true","6953a8d314d9fb17da981855","","","","false","","","","","131.7077","","","","","false","4a7daa89-ff50-4138-871c-e714924e1cc6","","695d8e3cb5307c17c017c81c","Oita","Japan","default-tenant","Oita LNG","","","LNG","","886ceb8e-e487-4a6c-b6e7-a791c26a15bd","Operational","697b3beb704acf2a3aef534d","2026-01-29T10:52:27.867000","2026-01-29T10:52:27.867000","697b18d70b1739675ee7f599","veselin@tidisolutions.rs","false"
"","4c3fea2c-609e-4cda-b778-f64db14a34e3","Import","","false","UTC+9","","0","","","","true","6953a8d314d9fb17da981855","","","","false","","","","","0","","","","","false","4a7daa89-ff50-4138-871c-e714924e1cc6","","695d8e3cb5307c17c017c81c","Ishikari","Japan","default-tenant","Ishikari LNG","","","LNG","","8971e39a-7503-4694-b49e-be8544d8eada","Operational","697b3beb704acf2a3aef534e","2026-01-29T10:52:27.867000","2026-01-29T10:52:27.867000","697b18d70b1739675ee7f599","veselin@tidisolutions.rs","false"
"","4c3fea2c-609e-4cda-b778-f64db14a34e3","Import","","false","UTC+9","","37.2053496","","","","true","6953a8d314d9fb17da981855","","","","false","","","","","138.2770886","","","","","false","4a7daa89-ff50-4138-871c-e714924e1cc6","","695d8e3cb5307c17c017c81c","Naoetsu","Japan","default-tenant","Naoetsu LNG","","","LNG","","1d92ddc7-d009-4b8e-bcc5-95196464aa8a","Operational","697b3beb704acf2a3aef534f","2026-01-29T10:52:27.867000","2026-01-29T10:52:27.867000","697b18d70b1739675ee7f599","veselin@tidisolutions.rs","false"
"","4c3fea2c-609e-4cda-b778-f64db14a34e3","Import","","false","UTC+9","","35.467955","","","","true","6953a8d314d9fb17da981855","","","","false","","","","","139.972393","www.jera.co.jp/en/corporate/business/thermal-power/list/sodegaura","","","","false","4a7daa89-ff50-4138-871c-e714924e1cc6","","695d8e3cb5307c17c017c81c","Sodegaura","Japan","default-tenant","Sodegaura LNG","","","LNG","","8f3735ea-b250-4d7d-bf02-04c8ac920f65","Operational","697b3beb704acf2a3aef5350","2026-01-29T10:52:27.867000","2026-01-29T10:52:27.867000","697b18d70b1739675ee7f599","veselin@tidisolutions.rs","false"
"","f84447ae-1b75-40aa-94b2-e8f270612276","","","false","UTC+3","","25.9339","","","","true","6953a8d314d9fb17da98189c","Qatargas","","","false","77","","","","51.5361","","","","","false","4a7daa89-ff50-4138-871c-e714924e1cc6","","695d8e3cb5307c17c017c81c","Ras Laffan","Qatar","default-tenant","Qatargas LNG","","","","","65270bbf-68d7-4647-bfd2-16b0dd4aa757","Operational","697b3beb704acf2a3aef5351","2026-01-29T10:52:27.867000","2026-01-29T10:52:27.867000","697b18d70b1739675ee7f599","veselin@tidisolutions.rs","false"
"","8af17567-8c26-404e-b37a-b7aeb82b93e0","Export","","false","UTC+2","","35.80452","","Details of description","","true","6953a8d314d9fb17da981822","","","","false","","","","","-0.24097","","","","","false","4a7daa89-ff50-4138-871c-e714924e1cc6","","695d8e3cb5307c17c017c81c","Bethioua","Algeria","default-tenant","Arzew (Bethioua)","","","LNG","","cb485474-261d-4d88-9269-740a157c7bd6","Operational","697b3beb704acf2a3aef5352","2026-01-29T10:52:27.867000","2026-01-29T10:52:27.867000","697b18d70b1739675ee7f599","veselin@tidisolutions.rs","false"
"","550e8400-e29b-41d4-a716-446655440002","","","false","UTC-6","","29.7365","","","","true","6953a6fd33c70a0c53172813","Cheniere Energy","marine@cheniere.com","","false","30","","","","-93.8558","","","","","false","4a7daa89-ff50-4138-871c-e714924e1cc6","","695d8e3cb5307c17c017c81c","Cameron Parish","United States","default-tenant","Sabine Pass LNG","","","","","7ece1a99-d71b-40b9-ad36-98f9fb38372d","Operational","697b3beb704acf2a3aef5353","2026-01-29T10:52:27.867000","2026-01-29T10:52:27.867000","697b18d70b1739675ee7f599","veselin@tidisolutions.rs","false"
"","4c3fea2c-609e-4cda-b778-f64db14a34e3","Import","","false","UTC+9","","35.01","","","","true","6953a8d314d9fb17da981855","","","","false","","","","","136.697007","www.jera.co.jp/en/corporate/business/thermal-power/list/kawagoe","","","","false","4a7daa89-ff50-4138-871c-e714924e1cc6","","695d8e3cb5307c17c017c81c","Kawagoe","Japan","default-tenant","Kawagoe","","","LNG","","66a98912-260c-4f2d-aa52-4ecfc77bc88b","Operational","697b3beb704acf2a3aef5354","2026-01-29T10:52:27.867000","2026-01-29T10:52:27.867000","697b18d70b1739675ee7f599","veselin@tidisolutions.rs","false"
"","ffb0c037-ea3a-47e0-b828-365dd525953b","","","false","UTC+1","","41.3518","","","","true","6953a8d314d9fb17da981827","Enagas","","","false","17","","","","2.1685","","","","","false","4a7daa89-ff50-4138-871c-e714924e1cc6","","695d8e3cb5307c17c017c81c","Barcelona","Spain","default-tenant","Barcelona LNG","","","","","45532bc3-10f6-4aab-923f-9b85e807e2c7","Operational","697b3beb704acf2a3aef5355","2026-01-29T10:52:27.867000","2026-01-29T10:52:27.867000","697b18d70b1739675ee7f599","veselin@tidisolutions.rs","false"
"","c6445704-f9e8-4945-90d1-aad97db5ddf7","Export","","false","UTC+1","","-6.11957","","","","true","6953a8d314d9fb17da9817e4","","","","false","","","","","12.33596","www.angolalng.com/","","","","false","4a7daa89-ff50-4138-871c-e714924e1cc6","","695d8e3cb5307c17c017c81c","Angola","Angola","default-tenant","Angola LNG","","","LNG","","d12932d3-d32d-46e3-a2b5-0d32b664fcdb","Operational","697b3beb704acf2a3aef5356","2026-01-29T10:52:27.867000","2026-01-29T10:52:27.867000","697b18d70b1739675ee7f599","veselin@tidisolutions.rs","false"
"","5987c727-5b4d-41e3-b486-bbf9f92f4ea8","Import","+1 8328137100","false","UTC-3","","-38.78753461","","","","true","6953a8d314d9fb17da9817ea","","","","false","","","","","-62.28955445","www.excelerateenergy.com/capabilities/fsru/","","","","false","4a7daa89-ff50-4138-871c-e714924e1cc6","","695d8e3cb5307c17c017c81c","Bahia Blanca ()","Argentina","default-tenant","Bahia Blanca LNG Terminal (FSRU)","","","FSRU","","ad8f63c1-b818-4783-826a-862c50ff0542","Operational","697b3beb704acf2a3aef5357","2026-01-29T10:52:27.867000","2026-01-29T10:52:27.867000","697b18d70b1739675ee7f599","veselin@tidisolutions.rs","false"
"","4c3fea2c-609e-4cda-b778-f64db14a34e3","Import","","false","UTC+9","","34.536626","","","","true","6953a8d314d9fb17da981855","","","","false","","","","","135.40147","","","","","false","4a7daa89-ff50-4138-871c-e714924e1cc6","","695d8e3cb5307c17c017c81c","Senboku II","Japan","default-tenant","Senboku II","","","LNG","","5896dd31-9123-4f37-bae2-80df2d029baa","Operational","697b3beb704acf2a3aef5358","2026-01-29T10:52:27.867000","2026-01-29T10:52:27.867000","697b18d70b1739675ee7f599","veselin@tidisolutions.rs","false"
"","550e8400-e29b-41d4-a716-446655440003","Import","","false","UTC+0","","51.6989","","","","true","6953a6fd33c70a0c53172814","Qatar Petroleum","ops@southhook.com","","false","21","","","","-5.0462","","","","","false","4a7daa89-ff50-4138-871c-e714924e1cc6","","695d8e3cb5307c17c017c81c","Milford Haven","United Kingdom","default-tenant","South Hook LNG","j","","","","f390f4d1-2434-4489-ac05-11bcc73b06c5","Operational","697b3beb704acf2a3aef5359","2026-01-29T10:52:27.867000","2026-01-29T10:52:27.867000","697b18d70b1739675ee7f599","veselin@tidisolutions.rs","false"
"","4c3fea2c-609e-4cda-b778-f64db14a34e3","Import","","false","UTC+9","","37.99625","","","","true","6953a8d314d9fb17da981855","","","","false","","","","","139.2373","","","","","false","4a7daa89-ff50-4138-871c-e714924e1cc6","","695d8e3cb5307c17c017c81c","Nihonkai","Japan","default-tenant","Niigata (Nihonkai) LNG","","","LNG","","0019dbcf-768f-4320-a3ff-763390903623","Operational","697b3beb704acf2a3aef535a","2026-01-29T10:52:27.867000","2026-01-29T10:52:27.867000","697b18d70b1739675ee7f599","veselin@tidisolutions.rs","false"
"","4e54e20b-db92-4bd3-8b8e-5a2ba4084d7d","","","false","UTC+9","","37.4505","","","","true","6953a8d314d9fb17da98185c","KOGAS","","","false","18","","","","126.5986","","","","","false","4a7daa89-ff50-4138-871c-e714924e1cc6","","695d8e3cb5307c17c017c81c","Incheon","South Korea","default-tenant","Incheon LNG Terminal","","","","","d455e47d-0f1a-4d7a-8b6d-edc2984ed1df","Operational","697b3beb704acf2a3aef535b","2026-01-29T10:52:27.867000","2026-01-29T10:52:27.867000","697b18d70b1739675ee7f599","veselin@tidisolutions.rs","false"
"","4c3fea2c-609e-4cda-b778-f64db14a34e3","Import","","false","UTC+9","","33.950745","","","","true","6953a8d314d9fb17da981855","","","","false","","","","","132.12518","","","","","false","4a7daa89-ff50-4138-871c-e714924e1cc6","","695d8e3cb5307c17c017c81c","Yanai","Japan","default-tenant","Yanai","","","LNG","","ca3f2775-9dd5-4765-a598-b3ba98e51aab","Operational","697b3beb704acf2a3aef535c","2026-01-29T10:52:27.867000","2026-01-29T10:52:27.867000","697b18d70b1739675ee7f599","veselin@tidisolutions.rs","false"
"","550e8400-e29b-41d4-a716-446655440004","","+31 (0)181 799 000","false","UTC+2","","51.8856","","Details of description","","true","6953a6fd33c70a0c53172815","Gate Terminal B.V.","operations@gateterminal.nl","","false","12","","","","4.2956","https://www.gateterminal.com/en/","","","","false","4a7daa89-ff50-4138-871c-e714924e1cc6","","695d8e3cb5307c17c017c81c","Rotterdam","Netherlands","default-tenant","Gate Terminal","","","LNG","","7a06536b-aea1-45fd-9098-4b9a04770a49","Operational","697b3beb704acf2a3aef535d","2026-01-29T10:52:27.867000","2026-01-29T10:52:27.867000","697b18d70b1739675ee7f599","veselin@tidisolutions.rs","false"
"","4c3fea2c-609e-4cda-b778-f64db14a34e3","Import","","false","UTC+9","","34.49945","","","","true","6953a8d314d9fb17da981855","","","","false","","","","","133.73324","","","","","false","4a7daa89-ff50-4138-871c-e714924e1cc6","","695d8e3cb5307c17c017c81c","Mizushima","Japan","default-tenant","Mizushima LNG","","","LNG","","3858ad04-af7e-452d-a714-3bc39e70709e","Operational","697b3beb704acf2a3aef535e","2026-01-29T10:52:27.867000","2026-01-29T10:52:27.867000","697b18d70b1739675ee7f599","veselin@tidisolutions.rs","false"
"","5987c727-5b4d-41e3-b486-bbf9f92f4ea8","Import","","false","UTC-3","","-34.333333","","","","true","6953a8d314d9fb17da9817ea","","","","false","","","","","-58.816667","","","","","false","4a7daa89-ff50-4138-871c-e714924e1cc6","","695d8e3cb5307c17c017c81c","Escobar ()","Argentina","default-tenant","Escobar LNG Terminal (FSRU)","","","FSRU","","ce6b5cc4-59b3-4bb0-b55c-c07ea06fb246","Operational","697b3beb704acf2a3aef535f","2026-01-29T10:52:27.867000","2026-01-29T10:52:27.867000","697b18d70b1739675ee7f599","veselin@tidisolutions.rs","false"
"","4c3fea2c-609e-4cda-b778-f64db14a34e3","Import","","false","UTC+9","","38.27678","","","","true","6953a8d314d9fb17da981855","","","","false","","","","","141.0393","","","","","false","4a7daa89-ff50-4138-871c-e714924e1cc6","","695d8e3cb5307c17c017c81c","Shin Sendai","Japan","default-tenant","Shin Sendai","","","LNG","","f2ccad22-2bc3-4694-8af2-aaa161fa9d97","Operational","697b3beb704acf2a3aef5360","2026-01-29T10:52:27.867000","2026-01-29T10:52:27.867000","697b18d70b1739675ee7f599","veselin@tidisolutions.rs","false"
"","4c3fea2c-609e-4cda-b778-f64db14a34e3","Import","","false","UTC+9","","35.40423","","","","true","6953a8d314d9fb17da981855","","","","false","","","","","139.6285","","","","","false","4a7daa89-ff50-4138-871c-e714924e1cc6","","695d8e3cb5307c17c017c81c","Negishi","Japan","default-tenant","Negishi LNG","","","LNG","","c6186422-83e2-497e-b3ca-64e0e477db86","Operational","697b3beb704acf2a3aef5361","2026-01-29T10:52:27.867000","2026-01-29T10:52:27.867000","697b18d70b1739675ee7f599","veselin@tidisolutions.rs","false"
"","fca42bae-fc14-4006-9ca7-84092c58bc90","Import","+370 46 391772","false","UTC+2","","55.66451","","","","true","6953a8d314d9fb17da981866","","","","false","","","","","21.13762","","","","","false","4a7daa89-ff50-4138-871c-e714924e1cc6","","695d8e3cb5307c17c017c81c","Klaipeda","Lithuania","default-tenant","Klaipeda (FSRU)","","","FSRU","","32a5cb8b-8a91-4b7f-affa-4df9fce56300","Operational","697b3beb704acf2a3aef5362","2026-01-29T10:52:27.867000","2026-01-29T10:52:27.867000","697b18d70b1739675ee7f599","veselin@tidisolutions.rs","false"
"","4c3fea2c-609e-4cda-b778-f64db14a34e3","Import","","false","UTC+9","","35.493545","","","","true","6953a8d314d9fb17da981855","","","","false","","","","","139.739692","www.tokyo-gas.co.jp/index.html","","","","false","4a7daa89-ff50-4138-871c-e714924e1cc6","","695d8e3cb5307c17c017c81c","Ohgishima","Japan","default-tenant","Ohgishima LNG","","","LNG","","7b42194d-2f96-4858-b561-fc63d18d72e9","Operational","697b3beb704acf2a3aef5363","2026-01-29T10:52:27.867000","2026-01-29T10:52:27.867000","697b18d70b1739675ee7f599","veselin@tidisolutions.rs","false"
"test","4c3fea2c-609e-4cda-b778-f64db14a34e3","Import","","false","UTC+9","","36.4842787","","","","true","6953a8d314d9fb17da981855","","","","false","","","","","140.618882","","","","","false","4a7daa89-ff50-4138-871c-e714924e1cc6","","695d8e3cb5307c17c017c81c","Hitachi","Japan","default-tenant","Hitachi","","","LNG","","d5eb5b7f-6bb2-465e-a742-7dbf1109a3d6","Operational","697b3beb704acf2a3aef5364","2026-01-29T10:52:27.867000","2026-01-29T10:52:27.867000","697b18d70b1739675ee7f599","veselin@tidisolutions.rs","false"
"","4c3fea2c-609e-4cda-b778-f64db14a34e3","Import","+81 543673511","false","UTC+9","","35.0274","","","","true","6953a8d314d9fb17da981855","","","","false","","","","","138.4978","","","","","false","4a7daa89-ff50-4138-871c-e714924e1cc6","","695d8e3cb5307c17c017c81c","Sodeshi","Japan","default-tenant","Shimizu LNG (Sodeshi)","","","LNG","","3dd8adb2-a51f-43ca-a976-f583d7de47b4","Operational","697b3beb704acf2a3aef5365","2026-01-29T10:52:27.867000","2026-01-29T10:52:27.867000","697b18d70b1739675ee7f599","veselin@tidisolutions.rs","false"
"","1c18f788-d487-470b-900d-7821fde17d1c","Export","+60 86507 119","false","UTC+8","","3.28238","","","","true","6953a8d314d9fb17da98187f","","","","false","","","","","113.083","","","","","false","4a7daa89-ff50-4138-871c-e714924e1cc6","","695d8e3cb5307c17c017c81c","Bintulu MLNG","Malaysia","default-tenant","Bintulu MLNG","","","LNG","","b515fcd9-bd07-42e6-b6ef-3de302be85fc","Operational","697b3beb704acf2a3aef5366","2026-01-29T10:52:27.867000","2026-01-29T10:52:27.867000","697b18d70b1739675ee7f599","veselin@tidisolutions.rs","false"
"","69ba5578-75ac-4bf8-8fa2-3fe3d770fb53","Import","","false","UTC+3","","29.07137","","","","true","6953a8d314d9fb17da98185d","Kuwait National Petroleum Co","","","false","3.8","","","","48.16055","","","","","false","4a7daa89-ff50-4138-871c-e714924e1cc6","","695d8e3cb5307c17c017c81c","Al-Ahmadi","Kuwait","default-tenant","Mina Al-Ahmadi","","","LNG","","a4cf9d6a-fb6d-4ebb-9d58-0fa033ee1ec7","Operational","697b3beb704acf2a3aef5367","2026-01-29T10:52:27.867000","2026-01-29T10:52:27.867000","697b18d70b1739675ee7f599","veselin@tidisolutions.rs","false"
"","4c3fea2c-609e-4cda-b778-f64db14a34e3","Import","8.17E+11","false","UTC+9","","34.57142","","","","true","6953a8d314d9fb17da981855","","","","false","","","","","135.414","","","","","false","4a7daa89-ff50-4138-871c-e714924e1cc6","","695d8e3cb5307c17c017c81c","Sakai","Japan","default-tenant","Sakai LNG","","","LNG","","4f0238cb-d044-404b-ac87-c95694da8d92","Operational","697b3beb704acf2a3aef5368","2026-01-29T10:52:27.867000","2026-01-29T10:52:27.867000","697b18d70b1739675ee7f599","veselin@tidisolutions.rs","false"
"","f17b3cff-4d1c-4f12-b71f-e592a25533ea","Import","","false","UTC+8","","22.953596","","","","true","6953a8d314d9fb17da98180d","","","","false","","","","","113.556552","","","","","false","4a7daa89-ff50-4138-871c-e714924e1cc6","","695d8e3cb5307c17c017c81c","Dongguan","China","default-tenant","Dongguan LNG","","","LNG","","481af50e-668f-4645-8466-ef2673da5aee","Operational","697b3beb704acf2a3aef5369","2026-01-29T10:52:27.867000","2026-01-29T10:52:27.867000","697b18d70b1739675ee7f599","veselin@tidisolutions.rs","false"
"","c86b763b-8893-4b4d-8c24-5444ed9af411","Import","","false","UTC+1","","44.07428","","","","true","6953a8d314d9fb17da981851","","","","false","","","","","9.83087","","","","","false","4a7daa89-ff50-4138-871c-e714924e1cc6","","695d8e3cb5307c17c017c81c","Panigaglia","Italy","default-tenant","Panigaglia","","","LNG","","5ef97498-0f23-40fc-8985-7fb311e478af","Operational","697b3beb704acf2a3aef536a","2026-01-29T10:52:27.867000","2026-01-29T10:52:27.867000","697b18d70b1739675ee7f599","veselin@tidisolutions.rs","false"
"","8f6610aa-a395-4935-a180-4b09d2916fe1","Import","+91 2641 257249","false","UTC+5","","21.6746","","","","true","6953a8d314d9fb17da98184a","","","","false","","","","","72.536","www.petronetlng.in/dahej-terminal","","","","false","4a7daa89-ff50-4138-871c-e714924e1cc6","","695d8e3cb5307c17c017c81c","Dahej","India","default-tenant","Dahej","","","LNG","","48e80f0f-b203-450b-8257-7886552d2faa","Operational","697b3beb704acf2a3aef536b","2026-01-29T10:52:27.867000","2026-01-29T10:52:27.867000","697b18d70b1739675ee7f599","veselin@tidisolutions.rs","false"
"","f17b3cff-4d1c-4f12-b71f-e592a25533ea","Import","","false","UTC+8","","25.2135","","","","true","6953a8d314d9fb17da98180d","","","","false","","","","","118.9983","","","","","false","4a7daa89-ff50-4138-871c-e714924e1cc6","","695d8e3cb5307c17c017c81c","Fujian","China","default-tenant","Fujian LNG","","","LNG","","61bbcae2-c4ae-4450-8958-7f750aa8fdff","Operational","697b3beb704acf2a3aef536c","2026-01-29T10:52:27.867000","2026-01-29T10:52:27.867000","697b18d70b1739675ee7f599","veselin@tidisolutions.rs","false"
"","4c3fea2c-609e-4cda-b778-f64db14a34e3","Import","","false","UTC+9","","34.96826","","","","true","6953a8d314d9fb17da981855","","","","false","","","","","136.82721","","","","","false","4a7daa89-ff50-4138-871c-e714924e1cc6","","695d8e3cb5307c17c017c81c","Futtsu","Japan","default-tenant","Futtsu","","","LNG","","df0359e1-aa71-4c5c-93db-8fb25e7b8b13","Operational","697b3beb704acf2a3aef536d","2026-01-29T10:52:27.867000","2026-01-29T10:52:27.867000","697b18d70b1739675ee7f599","veselin@tidisolutions.rs","false"
"","57f96ab8-8771-4ad3-b4cc-b1ffd20a4903","Export","","false","UTC+2","","31.349","","","","true","6953a8d314d9fb17da981824","","","","false","","","","","30.31864","","","","","false","4a7daa89-ff50-4138-871c-e714924e1cc6","","695d8e3cb5307c17c017c81c","Idku","Egypt","default-tenant","Idku","","","LNG","","0df47c06-fa0f-4f34-a86b-cd7a8f5a165c","Operational","697b3beb704acf2a3aef536e","2026-01-29T10:52:27.867000","2026-01-29T10:52:27.867000","697b18d70b1739675ee7f599","veselin@tidisolutions.rs","false"
"","f17b3cff-4d1c-4f12-b71f-e592a25533ea","Import","","false","UTC+8","","22.934479","","","","true","6953a8d314d9fb17da98180d","","","","false","","","","","116.371427","","","","","false","4a7daa89-ff50-4138-871c-e714924e1cc6","","695d8e3cb5307c17c017c81c","Yuedong","China","default-tenant","Yuedong","","","LNG","","d9104127-8553-4e93-b87c-9146233f649c","Operational","697b3beb704acf2a3aef536f","2026-01-29T10:52:27.867000","2026-01-29T10:52:27.867000","697b18d70b1739675ee7f599","veselin@tidisolutions.rs","false"
"","b9b4e1da-ba8f-467b-bdb9-77a2fc0a1869","Import","","false","UTC+7","","-5.992909","","","","true","6953a8d314d9fb17da981848","","","","false","","","","","106.818714","www.nusantararegas.com/fsrt/eng","","","","false","4a7daa89-ff50-4138-871c-e714924e1cc6","","695d8e3cb5307c17c017c81c","Nusantara","Indonesia","default-tenant","Nusantara FSRU","","","FSRU","","0fc244bd-c656-497f-aeb5-9d6322fad7ab","Operational","697b3beb704acf2a3aef5370","2026-01-29T10:52:27.867000","2026-01-29T10:52:27.867000","697b18d70b1739675ee7f599","veselin@tidisolutions.rs","false"
"","4c3fea2c-609e-4cda-b778-f64db14a34e3","Import","","false","UTC+9","","34.763278","","","","true","6953a8d314d9fb17da981855","","","","false","","","","","134.693215","","","","","false","4a7daa89-ff50-4138-871c-e714924e1cc6","","695d8e3cb5307c17c017c81c","Himeji","Japan","default-tenant","Himeji","","","LNG","","79fe6166-7ea4-4255-880e-518bbfcc1425","Operational","697b3beb704acf2a3aef5371","2026-01-29T10:52:27.867000","2026-01-29T10:52:27.867000","697b18d70b1739675ee7f599","veselin@tidisolutions.rs","false"
"","c86b763b-8893-4b4d-8c24-5444ed9af411","Import","","false","UTC+1","","45.091667","","","","true","6953a8d314d9fb17da981851","","","","false","","","","","12.586111","www.adriaticlng.it/en","","","","false","4a7daa89-ff50-4138-871c-e714924e1cc6","","695d8e3cb5307c17c017c81c","Adriatic","Italy","default-tenant","Adriatic LNG","","","LNG","","4829275d-d689-48c2-a104-a711f3465163","Operational","697b3beb704acf2a3aef5372","2026-01-29T10:52:27.867000","2026-01-29T10:52:27.867000","697b18d70b1739675ee7f599","veselin@tidisolutions.rs","false"
"","f17b3cff-4d1c-4f12-b71f-e592a25533ea","Import","","false","UTC+8","","31.293674","","","","true","6953a8d314d9fb17da98180d","","","","false","","","","","121.707193","","","","","false","4a7daa89-ff50-4138-871c-e714924e1cc6","","695d8e3cb5307c17c017c81c","Shanghai","China","default-tenant","Wuhaogou LNG (Shanghai)","","","LNG","","7f117f87-cf17-496f-9812-c6b3fabe0926","Operational","697b3beb704acf2a3aef5373","2026-01-29T10:52:27.867000","2026-01-29T10:52:27.867000","697b18d70b1739675ee7f599","veselin@tidisolutions.rs","false"
"","f17b3cff-4d1c-4f12-b71f-e592a25533ea","Import","","false","UTC+8","","38.93219004","","","","true","6953a8d314d9fb17da98180d","","","","false","","","","","117.8761542","","","","","false","4a7daa89-ff50-4138-871c-e714924e1cc6","","695d8e3cb5307c17c017c81c","Tianjin","China","default-tenant","Tianjin LNG (FSRU)","","","FSRU","","b9173046-2817-4f25-9653-c7600c50a5fb","Operational","697b3beb704acf2a3aef5374","2026-01-29T10:52:27.867000","2026-01-29T10:52:27.867000","697b18d70b1739675ee7f599","veselin@tidisolutions.rs","false"
"","0beb2573-01b7-4cc4-9421-12d57b716321","Import","+33 2 40 17 53 00","false","UTC+1","","47.30296","","","","true","6953a8d314d9fb17da98182d","","","","false","","","","","-2.14278","www.elengy.com/en/our-locations/terminal-montoir-bretagne","","","","false","4a7daa89-ff50-4138-871c-e714924e1cc6","","695d8e3cb5307c17c017c81c","Montoir-de-Bretagne","France","default-tenant","Montoir-de-Bretagne","","","LNG","","77d1e05b-bc51-4c9e-801f-eff4d9ca0528","Operational","697b3beb704acf2a3aef5375","2026-01-29T10:52:27.867000","2026-01-29T10:52:27.867000","697b18d70b1739675ee7f599","veselin@tidisolutions.rs","false"
"","b9b4e1da-ba8f-467b-bdb9-77a2fc0a1869","Import","","false","UTC+7","","-5.45","","","","true","6953a8d314d9fb17da981848","","","","false","","","","","105.94","","","","","false","4a7daa89-ff50-4138-871c-e714924e1cc6","","695d8e3cb5307c17c017c81c","Lampung","Indonesia","default-tenant","Lampung FSRU","","","FSRU","","dc33b9ba-68e2-4c4c-932f-c5ee5c36e774","Operational","697b3beb704acf2a3aef5376","2026-01-29T10:52:27.867000","2026-01-29T10:52:27.867000","697b18d70b1739675ee7f599","veselin@tidisolutions.rs","false"
"","4c3fea2c-609e-4cda-b778-f64db14a34e3","Import","","false","UTC+9","","35.493545","","","","true","6953a8d314d9fb17da981855","","","","false","","","","","139.739692","","","","","false","4a7daa89-ff50-4138-871c-e714924e1cc6","","695d8e3cb5307c17c017c81c","Higashi Ohgishima","Japan","default-tenant","Higashi Ohgishima LNG","","","LNG","","e00a13a0-2be8-4742-b01e-1bee9ad87666","Operational","697b3beb704acf2a3aef5377","2026-01-29T10:52:27.867000","2026-01-29T10:52:27.867000","697b18d70b1739675ee7f599","veselin@tidisolutions.rs","false"
"","f17b3cff-4d1c-4f12-b71f-e592a25533ea","Import","","false","UTC+8","","30.100617","","","","true","6953a8d314d9fb17da98180d","","","","false","","","","","122.282508","www.enn-ng.com/en/","","","","false","4a7daa89-ff50-4138-871c-e714924e1cc6","","695d8e3cb5307c17c017c81c","Zhoushan","China","default-tenant","Zhoushan","","","LNG","","7ca88389-321b-4aec-8b6c-511d47a68b11","Operational","697b3beb704acf2a3aef5378","2026-01-29T10:52:27.867000","2026-01-29T10:52:27.867000","697b18d70b1739675ee7f599","veselin@tidisolutions.rs","false"
"","f17b3cff-4d1c-4f12-b71f-e592a25533ea","Import","","false","UTC+8","","35.58624","","","","true","6953a8d314d9fb17da98180d","","","","false","","","","","119.759685","","","","","false","4a7daa89-ff50-4138-871c-e714924e1cc6","","695d8e3cb5307c17c017c81c","Qidong","China","default-tenant","Qidong LNG","","","LNG","","a0d34200-526e-4d00-9b12-4fb815569424","Operational","697b3beb704acf2a3aef5379","2026-01-29T10:52:27.867000","2026-01-29T10:52:27.867000","697b18d70b1739675ee7f599","veselin@tidisolutions.rs","false"
"","f17b3cff-4d1c-4f12-b71f-e592a25533ea","Import","","false","UTC+8","","30.60437","","","","true","6953a8d314d9fb17da98180d","","","","false","","","","","122.10244","","","","","false","4a7daa89-ff50-4138-871c-e714924e1cc6","","695d8e3cb5307c17c017c81c","Yangshan","China","default-tenant","Shanghai LNG (Yangshan)","","","LNG","","30e8cd72-6c75-450d-94e2-90cf2e9a12eb","Operational","697b3beb704acf2a3aef537a","2026-01-29T10:52:27.867000","2026-01-29T10:52:27.867000","697b18d70b1739675ee7f599","veselin@tidisolutions.rs","false"
"MAIN TECHNICAL CHARACTERISTICS

LNG carriers with a capacity of 3,500 mᵌ to 265,000 mᵌ can moor at the terminal next to the FSRU vessel.

The allowed lay time for a standard cargo quantity (up to 140,000 mᵌ) is 40 consecutive hours. If the LNG quantity to be discharged is not a standard cargo quantity, the LNG terminal operator and the LNG terminal User agree on a longer or shorter allowed lay time, depending on the cargo quantity.

The discharge rate from the LNG carrier to the FSRU is a maximum of 8,000 mᵌ /h.

During LNG discharge, the FSRU vessel may regasify at a technical LNG regasification capacity equal to 405,000 mᵌ /h.","0121d21d-5b2f-4163-9baa-d3a060dfe599","Import","+385 1 4094 600","false","UTC+1","","45.066667","","","","true","6953a8d314d9fb17da981845","","terminal@lng.hr","","false","","","","","14.6","http://www.lng.hr/en/about-terminal/","","","","false","4a7daa89-ff50-4138-871c-e714924e1cc6","","695d8e3cb5307c17c017c81c","Krk","Croatia","default-tenant","Krk LNG Terminal (FSRU)","","","FSRU","","4f0b7257-35af-4c5f-9fdb-1bfb8778d8c4","Operational","697b3beb704acf2a3aef537b","2026-01-29T10:52:27.867000","2026-01-29T10:52:27.867000","697b18d70b1739675ee7f599","veselin@tidisolutions.rs","false"
"","0beb2573-01b7-4cc4-9421-12d57b716321","Import","+33 4 42 05 73 71","false","UTC+1","","43.41963","","","","true","6953a8d314d9fb17da98182d","","","","false","","","","","4.90102","","","","","false","4a7daa89-ff50-4138-871c-e714924e1cc6","","695d8e3cb5307c17c017c81c","Fos Cavaou","France","default-tenant","Fos Cavaou","","","LNG","","4a9ee33c-7ef8-4c0b-a6e4-76ad12e3320e","Operational","697b3beb704acf2a3aef537c","2026-01-29T10:52:27.867000","2026-01-29T10:52:27.867000","697b18d70b1739675ee7f599","veselin@tidisolutions.rs","false"
"","57f96ab8-8771-4ad3-b4cc-b1ffd20a4903","Export","+20 57 2290471","false","UTC+2","","31.469","","","","true","6953a8d314d9fb17da981824","","","","false","","","","","31.7473","","","","","false","4a7daa89-ff50-4138-871c-e714924e1cc6","","695d8e3cb5307c17c017c81c","Segas","Egypt","default-tenant","Damietta (Segas)","","","LNG","","78f5f4d9-bd21-4fdb-b0af-a333ff0b6b2b","Operational","697b3beb704acf2a3aef537d","2026-01-29T10:52:27.867000","2026-01-29T10:52:27.867000","697b18d70b1739675ee7f599","veselin@tidisolutions.rs","false"
"","f17b3cff-4d1c-4f12-b71f-e592a25533ea","Import","","false","UTC+8","","29.893989","","","","true","6953a8d314d9fb17da98180d","","","","false","","","","","122.091771","","","","","false","4a7daa89-ff50-4138-871c-e714924e1cc6","","695d8e3cb5307c17c017c81c","Ningbo","China","default-tenant","Ningbo LNG","","","LNG","","7df8f9bd-d6a1-45ac-a0e0-d2894cbd6b02","Operational","697b3beb704acf2a3aef537e","2026-01-29T10:52:27.867000","2026-01-29T10:52:27.867000","697b18d70b1739675ee7f599","veselin@tidisolutions.rs","false"
"","f17b3cff-4d1c-4f12-b71f-e592a25533ea","Import","","false","UTC+8","","38.9604","","","","true","6953a8d314d9fb17da98180d","","","","false","","","","","121.8841","","","","","false","4a7daa89-ff50-4138-871c-e714924e1cc6","","695d8e3cb5307c17c017c81c","Dalian","China","default-tenant","Dalian LNG","","","LNG","","4ace7396-94d1-4e64-ba4a-c8ba0a1c1d19","Operational","697b3beb704acf2a3aef537f","2026-01-29T10:52:27.867000","2026-01-29T10:52:27.867000","697b18d70b1739675ee7f599","veselin@tidisolutions.rs","false"
"","8f6610aa-a395-4935-a180-4b09d2916fe1","Import","","false","UTC+5","","21.098","","","","true","6953a8d314d9fb17da98184a","","","","false","","","","","72.624","www.shell.in/shellenergy/shell-energy-india/lng-terminal.html","","","","false","4a7daa89-ff50-4138-871c-e714924e1cc6","","695d8e3cb5307c17c017c81c","Surat","India","default-tenant","Hazira (Surat)","","","LNG","","9139dc09-2185-44c0-9ef7-d7f833404f65","Operational","697b3beb704acf2a3aef5380","2026-01-29T10:52:27.867000","2026-01-29T10:52:27.867000","697b18d70b1739675ee7f599","veselin@tidisolutions.rs","false"
"","4c3fea2c-609e-4cda-b778-f64db14a34e3","Import","","false","UTC+9","","40.5432392","","","","true","6953a8d314d9fb17da981855","","","","false","","","","","141.5245369","www.eneos.co.jp/english/products/industrial/lng/","","","","false","4a7daa89-ff50-4138-871c-e714924e1cc6","","695d8e3cb5307c17c017c81c","Hachinohe","Japan","default-tenant","Hachinohe LNG","","","LNG","","e4d24641-8eeb-4177-8319-723deac2a7e1","Operational","697b3beb704acf2a3aef5381","2026-01-29T10:52:27.867000","2026-01-29T10:52:27.867000","697b18d70b1739675ee7f599","veselin@tidisolutions.rs","false"
"","8ab3adc4-468d-4149-9600-8bb530e22796","Import","+30 6943077409","false","UTC+2","","37.96","","","","true","6953a8d314d9fb17da98183b","","desfalng@desfa.gr","","false","","","","","23.4023","","","","","false","4a7daa89-ff50-4138-871c-e714924e1cc6","","695d8e3cb5307c17c017c81c","Revithoussa","Greece","default-tenant","Revithoussa","","","LNG","","8f444dab-86c1-4473-b9e9-8c807087e68c","Operational","697b3beb704acf2a3aef5382","2026-01-29T10:52:27.867000","2026-01-29T10:52:27.867000","697b18d70b1739675ee7f599","veselin@tidisolutions.rs","false"
"","f17b3cff-4d1c-4f12-b71f-e592a25533ea","Import","","false","UTC+8","","38.9331","","","","true","6953a8d314d9fb17da98180d","","","","false","","","","","118.5329","","","","","false","4a7daa89-ff50-4138-871c-e714924e1cc6","","695d8e3cb5307c17c017c81c","Tangshan","China","default-tenant","Tangshan LNG","","","LNG","","04bb0fe8-0247-481b-b227-4cc875c2ad8c","Operational","697b3beb704acf2a3aef5383","2026-01-29T10:52:27.867000","2026-01-29T10:52:27.867000","697b18d70b1739675ee7f599","veselin@tidisolutions.rs","false"
"","8b7008cb-060f-46d3-b903-7a8bb397e369","Import","","false","UTC-5","","0","","","","true","6953a8d314d9fb17da981813","","","","false","","","","","0","","","","","false","4a7daa89-ff50-4138-871c-e714924e1cc6","","695d8e3cb5307c17c017c81c","Cartagena ()","Colombia","default-tenant","Cartagena (FSRU)","","","FSRU","","24e6165e-64e0-48ad-ac37-0c186b8e627e","Operational","697b3beb704acf2a3aef5384","2026-01-29T10:52:27.867000","2026-01-29T10:52:27.867000","697b18d70b1739675ee7f599","veselin@tidisolutions.rs","false"
"","4c3fea2c-609e-4cda-b778-f64db14a34e3","Import","","false","UTC+9","","34.3405327","","","","true","6953a8d314d9fb17da981855","","","","false","","","","","132.339621","","","","","false","4a7daa89-ff50-4138-871c-e714924e1cc6","","695d8e3cb5307c17c017c81c","Hatsukaichi","Japan","default-tenant","Hatsukaichi LNG","","","LNG","","2cccbead-8bd0-453f-ade0-856c871781a4","Operational","697b3beb704acf2a3aef5385","2026-01-29T10:52:27.867000","2026-01-29T10:52:27.867000","697b18d70b1739675ee7f599","veselin@tidisolutions.rs","false"
"","8f6610aa-a395-4935-a180-4b09d2916fe1","Import","+91 484 250 2259","false","UTC+5","","9.9787","","","","true","6953a8d314d9fb17da98184a","","","","false","","","","","76.2261","","","","","false","4a7daa89-ff50-4138-871c-e714924e1cc6","","695d8e3cb5307c17c017c81c","Kochi","India","default-tenant","Kochi","","","LNG","","b05d7919-1a0a-4542-91b0-c36f07ffdd8f","Operational","697b3beb704acf2a3aef5386","2026-01-29T10:52:27.867000","2026-01-29T10:52:27.867000","697b18d70b1739675ee7f599","veselin@tidisolutions.rs","false"
"","f17b3cff-4d1c-4f12-b71f-e592a25533ea","Import","","false","UTC+8","","132.528814","","","","true","6953a8d314d9fb17da98180d","","","","false","","","","","121.428128","","","","","false","4a7daa89-ff50-4138-871c-e714924e1cc6","","695d8e3cb5307c17c017c81c","Jiangsu LNG","China","default-tenant","Jiangsu LNG","","","LNG","","102a1fe3-f513-4544-9dd4-0cacc1ed96d3","Operational","697b3beb704acf2a3aef5387","2026-01-29T10:52:27.867000","2026-01-29T10:52:27.867000","697b18d70b1739675ee7f599","veselin@tidisolutions.rs","false"
"","f17b3cff-4d1c-4f12-b71f-e592a25533ea","Import","","false","UTC+8","","21.90599","","","","true","6953a8d314d9fb17da98180d","","","","false","","","","","113.219326","","","","","false","4a7daa89-ff50-4138-871c-e714924e1cc6","","695d8e3cb5307c17c017c81c","Zhuhai","China","default-tenant","Guangdong LNG (Zhuhai)","","","LNG","","9331bdba-e415-4637-be77-12faa1c0deb9","Operational","697b3beb704acf2a3aef5388","2026-01-29T10:52:27.867000","2026-01-29T10:52:27.867000","697b18d70b1739675ee7f599","veselin@tidisolutions.rs","false"
"","0beb2573-01b7-4cc4-9421-12d57b716321","Import","+33 4 42 05 04 30","false","UTC+1","","43.454","","","","true","6953a8d314d9fb17da98182d","","","","false","","","","","4.85167","www.elengy.com/en/our-locations/fos-tonkin-lng-terminal","","","","false","4a7daa89-ff50-4138-871c-e714924e1cc6","","695d8e3cb5307c17c017c81c","Fos Tonkin","France","default-tenant","Fos Tonkin","","","LNG","","5f3f6ed6-71d6-4fe1-8a34-74ef263335b8","Operational","697b3beb704acf2a3aef5389","2026-01-29T10:52:27.867000","2026-01-29T10:52:27.867000","697b18d70b1739675ee7f599","veselin@tidisolutions.rs","false"
"","4c3fea2c-609e-4cda-b778-f64db14a34e3","Import","","false","UTC+9","","34.96826","","","","true","6953a8d314d9fb17da981855","","","","false","","","","","136.82721","","","","","false","4a7daa89-ff50-4138-871c-e714924e1cc6","","695d8e3cb5307c17c017c81c","Chita","Japan","default-tenant","Chita","","","LNG","","120836d2-f407-4d46-b578-a4913b9197bb","Operational","697b3beb704acf2a3aef538a","2026-01-29T10:52:27.867000","2026-01-29T10:52:27.867000","697b18d70b1739675ee7f599","veselin@tidisolutions.rs","false"
"","f17b3cff-4d1c-4f12-b71f-e592a25533ea","Import","","false","UTC+8","","35.58624","","","","true","6953a8d314d9fb17da98180d","","","","false","","","","","119.759685","","","","","false","4a7daa89-ff50-4138-871c-e714924e1cc6","","695d8e3cb5307c17c017c81c","Qingdao","China","default-tenant","Qingdao LNG","","","LNG","","613cb160-e00d-4f6a-b66e-3fc215bdcd6a","Operational","697b3beb704acf2a3aef538b","2026-01-29T10:52:27.867000","2026-01-29T10:52:27.867000","697b18d70b1739675ee7f599","veselin@tidisolutions.rs","false"
"","b9b4e1da-ba8f-467b-bdb9-77a2fc0a1869","Export","","false","UTC+6","","5.2234","","","","true","6953a8d314d9fb17da981848","","","","false","","","","","97.083","www.jgc-indonesia.com/en/projects/243/arun-lng-plant","","","","false","4a7daa89-ff50-4138-871c-e714924e1cc6","","695d8e3cb5307c17c017c81c","Arun","Indonesia","default-tenant","Arun","","","LNG","","36052efa-111c-496a-972a-eb10f79c7ffa","Operational","697b3beb704acf2a3aef538c","2026-01-29T10:52:27.867000","2026-01-29T10:52:27.867000","697b18d70b1739675ee7f599","veselin@tidisolutions.rs","false"
"","6c81a332-27d9-47cc-93ef-b25e3be64cf1","Export","","false","UTC+1","","3.776","","","","true","6953a8d314d9fb17da98183a","","","","false","","","","","8.7015","","","","","false","4a7daa89-ff50-4138-871c-e714924e1cc6","","695d8e3cb5307c17c017c81c","Equatorial Guinea","Equatorial Guinea","default-tenant","Punta Europa LNG","","","LNG","","1a0e45ec-307a-4947-8018-a7667ea3ce92","Operational","697b3beb704acf2a3aef538d","2026-01-29T10:52:27.867000","2026-01-29T10:52:27.867000","697b18d70b1739675ee7f599","veselin@tidisolutions.rs","false"
"","b9b4e1da-ba8f-467b-bdb9-77a2fc0a1869","Export","+62 21 7854 4777","false","UTC+9","","-2.44314","","","","true","6953a8d314d9fb17da981848","","","","false","","","","","133.139","www.bp.com/en_id/indonesia/home/who-we-are/tangguh-lng.html","","","","false","4a7daa89-ff50-4138-871c-e714924e1cc6","","695d8e3cb5307c17c017c81c","Tangguh","Indonesia","default-tenant","Tangguh","","","LNG","","e735a863-0000-449a-a378-bdf5de80e02c","Operational","697b3beb704acf2a3aef538e","2026-01-29T10:52:27.867000","2026-01-29T10:52:27.867000","697b18d70b1739675ee7f599","veselin@tidisolutions.rs","false"